## Optimal operating point:
beam_voltage: 2000 V
beam_current: 0.5 A
isp: 4825.0 s
thrust: 36.891 mN
eta_T: 72.0 %
electrical_power: 1176.5 W
discharge_power: 176.5 W
epsilon_d: 352.9 eV/ion

## Mass budget:
motor_mass: 4.706 kg
propellant_mass: 11.667 kg
total_mass: 116.373 kg

## Mission:
trip_time: 4762.6 h
trip_time_days: 198.4 days

## Throttle table:
# Vb(V)   Ib(A)   T(mN)     Isp(s)    Pin(W)    eta_T(%)  mp(kg)      t(days)     
800     0.5     23.33     3051.0    470.6     72.0      18.522      315.0       
810     0.5     23.48     3070.0    476.5     72.0      18.402      313.0       
820     0.5     23.62     3089.0    482.4     72.0      18.284      311.0       
830     0.5     23.77     3108.0    488.2     72.0      18.168      309.0       
840     0.5     23.91     3127.0    494.1     72.0      18.055      307.1       
850     0.5     24.05     3145.0    500.0     72.0      17.944      305.2       
860     0.5     24.19     3164.0    505.9     72.0      17.835      303.3       
870     0.5     24.33     3182.0    511.8     72.0      17.728      301.5       
880     0.5     24.47     3200.0    517.6     72.0      17.622      299.7       
890     0.5     24.61     3218.0    523.5     72.0      17.519      298.0       
900     0.5     24.75     3236.0    529.4     72.0      17.418      296.3       
910     0.5     24.88     3254.0    535.3     72.0      17.318      294.6       
920     0.5     25.02     3272.0    541.2     72.0      17.22       292.9       
930     0.5     25.16     3290.0    547.1     72.0      17.124      291.3       
940     0.5     25.29     3308.0    552.9     72.0      17.029      289.6       
950     0.5     25.43     3325.0    558.8     72.0      16.936      288.1       
960     0.5     25.56     3343.0    564.7     72.0      16.845      286.5       
970     0.5     25.69     3360.0    570.6     72.0      16.755      285.0       
980     0.5     25.82     3377.0    576.5     72.0      16.666      283.5       
990     0.5     25.96     3394.0    582.4     72.0      16.579      282.0       
1000    0.5     26.09     3411.0    588.2     72.0      16.493      280.5       
1010    0.5     26.22     3428.0    594.1     72.0      16.409      279.1       
1020    0.5     26.35     3445.0    600.0     72.0      16.326      277.7       
1030    0.5     26.47     3462.0    605.9     72.0      16.244      276.3       
1040    0.5     26.6      3479.0    611.8     72.0      16.164      274.9       
1050    0.5     26.73     3496.0    617.6     72.0      16.085      273.6       
1060    0.5     26.86     3512.0    623.5     72.0      16.007      272.3       
1070    0.5     26.98     3529.0    629.4     72.0      15.93       270.9       
1080    0.5     27.11     3545.0    635.3     72.0      15.854      269.7       
1090    0.5     27.23     3562.0    641.2     72.0      15.779      268.4       
1100    0.5     27.36     3578.0    647.1     72.0      15.706      267.1       
1110    0.5     27.48     3594.0    652.9     72.0      15.633      265.9       
1120    0.5     27.61     3610.0    658.8     72.0      15.562      264.7       
1130    0.5     27.73     3626.0    664.7     72.0      15.492      263.5       
1140    0.5     27.85     3642.0    670.6     72.0      15.422      262.3       
1150    0.5     27.97     3658.0    676.5     72.0      15.354      261.1       
800     0.6     28.0      3051.0    564.7     72.0      18.591      263.5       
1160    0.5     28.1      3674.0    682.4     72.0      15.286      260.0       
810     0.6     28.17     3070.0    571.8     72.0      18.471      261.8       
1170    0.5     28.22     3690.0    688.2     72.0      15.22       258.9       
1180    0.5     28.34     3706.0    694.1     72.0      15.154      257.7       
820     0.6     28.35     3089.0    578.8     72.0      18.353      260.1       
1190    0.5     28.46     3721.0    700.0     72.0      15.089      256.6       
830     0.6     28.52     3108.0    585.9     72.0      18.238      258.5       
1200    0.5     28.58     3737.0    705.9     72.0      15.025      255.6       
840     0.6     28.69     3127.0    592.9     72.0      18.125      256.9       
1210    0.5     28.69     3753.0    711.8     72.0      14.962      254.5       
1220    0.5     28.81     3768.0    717.6     72.0      14.9        253.4       
850     0.6     28.86     3145.0    600.0     72.0      18.014      255.3       
1230    0.5     28.93     3783.0    723.5     72.0      14.838      252.4       
860     0.6     29.03     3164.0    607.1     72.0      17.905      253.8       
1240    0.5     29.05     3799.0    729.4     72.0      14.777      251.3       
1250    0.5     29.16     3814.0    735.3     72.0      14.718      250.3       
870     0.6     29.2      3182.0    614.1     72.0      17.799      252.3       
1260    0.5     29.28     3829.0    741.2     72.0      14.658      249.3       
880     0.6     29.36     3200.0    621.2     72.0      17.694      250.8       
1270    0.5     29.4      3845.0    747.1     72.0      14.6        248.3       
1280    0.5     29.51     3860.0    752.9     72.0      14.542      247.3       
890     0.6     29.53     3218.0    628.2     72.0      17.591      249.3       
1290    0.5     29.63     3875.0    758.8     72.0      14.485      246.4       
900     0.6     29.7      3236.0    635.3     72.0      17.49       247.9       
1300    0.5     29.74     3890.0    764.7     72.0      14.429      245.4       
1310    0.5     29.86     3905.0    770.6     72.0      14.374      244.5       
910     0.6     29.86     3254.0    642.4     72.0      17.39       246.5       
1320    0.5     29.97     3919.0    776.5     72.0      14.319      243.5       
920     0.6     30.02     3272.0    649.4     72.0      17.293      245.1       
1330    0.5     30.08     3934.0    782.4     72.0      14.264      242.6       
930     0.6     30.19     3290.0    656.5     72.0      17.197      243.8       
1340    0.5     30.2      3949.0    788.2     72.0      14.211      241.7       
1350    0.5     30.31     3964.0    794.1     72.0      14.158      240.8       
940     0.6     30.35     3308.0    663.5     72.0      17.103      242.4       
1360    0.5     30.42     3978.0    800.0     72.0      14.105      239.9       
950     0.6     30.51     3325.0    670.6     72.0      17.01       241.1       
1370    0.5     30.53     3993.0    805.9     72.0      14.054      239.0       
1380    0.5     30.64     4008.0    811.8     72.0      14.003      238.2       
960     0.6     30.67     3343.0    677.6     72.0      16.919      239.8       
1390    0.5     30.75     4022.0    817.6     72.0      13.952      237.3       
970     0.6     30.83     3360.0    684.7     72.0      16.829      238.5       
1400    0.5     30.87     4036.0    823.5     72.0      13.902      236.5       
1410    0.5     30.98     4051.0    829.4     72.0      13.853      235.6       
980     0.6     30.99     3377.0    691.8     72.0      16.741      237.3       
1420    0.5     31.08     4065.0    835.3     72.0      13.804      234.8       
990     0.6     31.15     3394.0    698.8     72.0      16.654      236.1       
1430    0.5     31.19     4080.0    841.2     72.0      13.756      234.0       
1000    0.6     31.3      3411.0    705.9     72.0      16.569      234.9       
1440    0.5     31.3      4094.0    847.1     72.0      13.708      233.2       
1450    0.5     31.41     4108.0    852.9     72.0      13.661      232.4       
1010    0.6     31.46     3428.0    712.9     72.0      16.485      233.7       
1460    0.5     31.52     4122.0    858.8     72.0      13.614      231.6       
1020    0.6     31.61     3445.0    720.0     72.0      16.403      232.5       
1470    0.5     31.63     4136.0    864.7     72.0      13.568      230.8       
1480    0.5     31.73     4150.0    870.6     72.0      13.522      230.0       
1030    0.6     31.77     3462.0    727.1     72.0      16.321      231.3       
1490    0.5     31.84     4164.0    876.5     72.0      13.477      229.2       
1040    0.6     31.92     3479.0    734.1     72.0      16.241      230.2       
1500    0.5     31.95     4178.0    882.4     72.0      13.432      228.5       
1510    0.5     32.05     4192.0    888.2     72.0      13.388      227.7       
1050    0.6     32.08     3496.0    741.2     72.0      16.162      229.1       
1520    0.5     32.16     4206.0    894.1     72.0      13.344      227.0       
1060    0.6     32.23     3512.0    748.2     72.0      16.085      228.0       
1530    0.5     32.27     4220.0    900.0     72.0      13.3        226.2       
1540    0.5     32.37     4234.0    905.9     72.0      13.258      225.5       
1070    0.6     32.38     3529.0    755.3     72.0      16.008      226.9       
1550    0.5     32.48     4247.0    911.8     72.0      13.215      224.8       
1080    0.6     32.53     3545.0    762.4     72.0      15.933      225.8       
1560    0.5     32.58     4261.0    917.6     72.0      13.173      224.1       
800     0.7     32.66     3051.0    658.8     72.0      18.659      226.7       
1090    0.6     32.68     3562.0    769.4     72.0      15.858      224.8       
1570    0.5     32.69     4275.0    923.5     72.0      13.132      223.4       
1580    0.5     32.79     4288.0    929.4     72.0      13.09       222.7       
1100    0.6     32.83     3578.0    776.5     72.0      15.785      223.7       
810     0.7     32.87     3070.0    667.1     72.0      18.54       225.2       
1590    0.5     32.89     4302.0    935.3     72.0      13.05       222.0       
1110    0.6     32.98     3594.0    783.5     72.0      15.713      222.7       
1600    0.5     33.0      4315.0    941.2     72.0      13.009      221.3       
820     0.7     33.07     3089.0    675.3     72.0      18.423      223.8       
1610    0.5     33.1      4329.0    947.1     72.0      12.969      220.6       
1120    0.6     33.13     3610.0    790.6     72.0      15.642      221.7       
1620    0.5     33.2      4342.0    952.9     72.0      12.93       219.9       
830     0.7     33.27     3108.0    683.5     72.0      18.308      222.4       
1130    0.6     33.28     3626.0    797.6     72.0      15.572      220.7       
1630    0.5     33.3      4355.0    958.8     72.0      12.891      219.3       
1640    0.5     33.41     4369.0    964.7     72.0      12.852      218.6       
1140    0.6     33.42     3642.0    804.7     72.0      15.503      219.7       
840     0.7     33.47     3127.0    691.8     72.0      18.195      221.1       
1650    0.5     33.51     4382.0    970.6     72.0      12.813      217.9       
1150    0.6     33.57     3658.0    811.8     72.0      15.435      218.8       
1660    0.5     33.61     4395.0    976.5     72.0      12.775      217.3       
850     0.7     33.67     3145.0    700.0     72.0      18.085      219.7       
1670    0.5     33.71     4409.0    982.4     72.0      12.738      216.7       
1160    0.6     33.71     3674.0    818.8     72.0      15.367      217.8       
1680    0.5     33.81     4422.0    988.2     72.0      12.7        216.0       
1170    0.6     33.86     3690.0    825.9     72.0      15.301      216.9       
860     0.7     33.87     3164.0    708.2     72.0      17.976      218.4       
1690    0.5     33.91     4435.0    994.1     72.0      12.663      215.4       
1180    0.6     34.0      3706.0    832.9     72.0      15.236      216.0       
1700    0.5     34.01     4448.0    1000.0    72.0      12.627      214.8       
870     0.7     34.06     3182.0    716.5     72.0      17.87       217.1       
1710    0.5     34.11     4461.0    1005.9    72.0      12.59       214.1       
1190    0.6     34.15     3721.0    840.0     72.0      15.171      215.0       
1720    0.5     34.21     4474.0    1011.8    72.0      12.554      213.5       
880     0.7     34.26     3200.0    724.7     72.0      17.765      215.8       
1200    0.6     34.29     3737.0    847.1     72.0      15.108      214.1       
1730    0.5     34.31     4487.0    1017.6    72.0      12.519      212.9       
1740    0.5     34.41     4500.0    1023.5    72.0      12.484      212.3       
1210    0.6     34.43     3753.0    854.1     72.0      15.045      213.2       
890     0.7     34.45     3218.0    732.9     72.0      17.663      214.6       
1750    0.5     34.51     4513.0    1029.4    72.0      12.449      211.7       
1220    0.6     34.58     3768.0    861.2     72.0      14.983      212.4       
1760    0.5     34.61     4526.0    1035.3    72.0      12.414      211.1       
900     0.7     34.65     3236.0    741.2     72.0      17.562      213.4       
1770    0.5     34.71     4539.0    1041.2    72.0      12.38       210.6       
1230    0.6     34.72     3783.0    868.2     72.0      14.922      211.5       
1780    0.5     34.8      4551.0    1047.1    72.0      12.346      210.0       
910     0.7     34.84     3254.0    749.4     72.0      17.463      212.2       
1240    0.6     34.86     3799.0    875.3     72.0      14.861      210.6       
1790    0.5     34.9      4564.0    1052.9    72.0      12.312      209.4       
1250    0.6     35.0      3814.0    882.4     72.0      14.802      209.8       
1800    0.5     35.0      4577.0    1058.8    72.0      12.279      208.8       
920     0.7     35.03     3272.0    757.6     72.0      17.366      211.0       
1810    0.5     35.09     4590.0    1064.7    72.0      12.245      208.3       
1260    0.6     35.14     3829.0    889.4     72.0      14.743      209.0       
1820    0.5     35.19     4602.0    1070.6    72.0      12.213      207.7       
930     0.7     35.22     3290.0    765.9     72.0      17.27       209.8       
1270    0.6     35.28     3845.0    896.5     72.0      14.685      208.1       
1830    0.5     35.29     4615.0    1076.5    72.0      12.18       207.2       
1840    0.5     35.38     4628.0    1082.4    72.0      12.148      206.6       
940     0.7     35.41     3308.0    774.1     72.0      17.176      208.7       
1280    0.6     35.42     3860.0    903.5     72.0      14.627      207.3       
1850    0.5     35.48     4640.0    1088.2    72.0      12.116      206.1       
1290    0.6     35.55     3875.0    910.6     72.0      14.571      206.5       
1860    0.5     35.58     4653.0    1094.1    72.0      12.084      205.5       
950     0.7     35.6      3325.0    782.4     72.0      17.084      207.6       
1870    0.5     35.67     4665.0    1100.0    72.0      12.053      205.0       
1300    0.6     35.69     3890.0    917.6     72.0      14.515      205.7       
1880    0.5     35.77     4678.0    1105.9    72.0      12.021      204.5       
960     0.7     35.78     3343.0    790.6     72.0      16.993      206.5       
1310    0.6     35.83     3905.0    924.7     72.0      14.459      204.9       
1890    0.5     35.86     4690.0    1111.8    72.0      11.991      203.9       
1900    0.5     35.96     4702.0    1117.6    72.0      11.96       203.4       
1320    0.6     35.96     3919.0    931.8     72.0      14.405      204.2       
970     0.7     35.97     3360.0    798.8     72.0      16.904      205.4       
1910    0.5     36.05     4715.0    1123.5    72.0      11.93       202.9       
1330    0.6     36.1      3934.0    938.8     72.0      14.351      203.4       
1920    0.5     36.15     4727.0    1129.4    72.0      11.899      202.4       
980     0.7     36.15     3377.0    807.1     72.0      16.816      204.3       
1340    0.6     36.24     3949.0    945.9     72.0      14.298      202.7       
1930    0.5     36.24     4739.0    1135.3    72.0      11.869      201.9       
1940    0.5     36.33     4752.0    1141.2    72.0      11.84       201.4       
990     0.7     36.34     3394.0    815.3     72.0      16.73       203.3       
1350    0.6     36.37     3964.0    952.9     72.0      14.245      201.9       
1950    0.5     36.43     4764.0    1147.1    72.0      11.81       200.9       
1360    0.6     36.51     3978.0    960.0     72.0      14.193      201.2       
1000    0.7     36.52     3411.0    823.5     72.0      16.645      202.2       
1960    0.5     36.52     4776.0    1152.9    72.0      11.781      200.4       
1970    0.5     36.61     4788.0    1158.8    72.0      11.752      199.9       
1370    0.6     36.64     3993.0    967.1     72.0      14.142      200.4       
1010    0.7     36.7      3428.0    831.8     72.0      16.561      201.2       
1980    0.5     36.71     4800.0    1164.7    72.0      11.724      199.4       
1380    0.6     36.77     4008.0    974.1     72.0      14.091      199.7       
1990    0.5     36.8      4812.0    1170.6    72.0      11.695      198.9       
1020    0.7     36.88     3445.0    840.0     72.0      16.479      200.2       
2000    0.5     36.89     4825.0    1176.5    72.0      11.667      198.4       
1390    0.6     36.91     4022.0    981.2     72.0      14.04       199.0       
1400    0.6     37.04     4036.0    988.2     72.0      13.991      198.3       
1030    0.7     37.06     3462.0    848.2     72.0      16.398      199.2       
1410    0.6     37.17     4051.0    995.3     72.0      13.942      197.6       
1040    0.7     37.24     3479.0    856.5     72.0      16.318      198.3       
1420    0.6     37.3      4065.0    1002.4    72.0      13.893      196.9       
800     0.8     37.33     3051.0    752.9     72.0      18.728      199.1       
1050    0.7     37.42     3496.0    864.7     72.0      16.24       197.3       
1430    0.6     37.43     4080.0    1009.4    72.0      13.845      196.2       
810     0.8     37.56     3070.0    762.4     72.0      18.608      197.8       
1440    0.6     37.56     4094.0    1016.5    72.0      13.798      195.6       
1060    0.7     37.6      3512.0    872.9     72.0      16.162      196.4       
1450    0.6     37.69     4108.0    1023.5    72.0      13.751      194.9       
1070    0.7     37.78     3529.0    881.2     72.0      16.086      195.4       
820     0.8     37.79     3089.0    771.8     72.0      18.492      196.6       
1460    0.6     37.82     4122.0    1030.6    72.0      13.704      194.2       
1080    0.7     37.95     3545.0    889.4     72.0      16.011      194.5       
1470    0.6     37.95     4136.0    1037.6    72.0      13.658      193.6       
830     0.8     38.02     3108.0    781.2     72.0      18.377      195.4       
1480    0.6     38.08     4150.0    1044.7    72.0      13.613      192.9       
1090    0.7     38.13     3562.0    897.6     72.0      15.937      193.6       
1490    0.6     38.21     4164.0    1051.8    72.0      13.568      192.3       
840     0.8     38.25     3127.0    790.6     72.0      18.265      194.2       
1100    0.7     38.3      3578.0    905.9     72.0      15.864      192.7       
1500    0.6     38.34     4178.0    1058.8    72.0      13.523      191.7       
1510    0.6     38.47     4192.0    1065.9    72.0      13.48       191.1       
1110    0.7     38.48     3594.0    914.1     72.0      15.793      191.9       
850     0.8     38.48     3145.0    800.0     72.0      18.155      193.0       
1520    0.6     38.59     4206.0    1072.9    72.0      13.436      190.4       
1120    0.7     38.65     3610.0    922.4     72.0      15.722      191.0       
860     0.8     38.71     3164.0    809.4     72.0      18.047      191.8       
1530    0.6     38.72     4220.0    1080.0    72.0      13.393      189.8       
1130    0.7     38.82     3626.0    930.6     72.0      15.652      190.2       
1540    0.6     38.85     4234.0    1087.1    72.0      13.35       189.2       
870     0.8     38.93     3182.0    818.8     72.0      17.941      190.7       
1550    0.6     38.97     4247.0    1094.1    72.0      13.308      188.6       
1140    0.7     38.99     3642.0    938.8     72.0      15.583      189.3       
1560    0.6     39.1      4261.0    1101.2    72.0      13.266      188.0       
880     0.8     39.15     3200.0    828.2     72.0      17.837      189.6       
1150    0.7     39.16     3658.0    947.1     72.0      15.515      188.5       
1570    0.6     39.22     4275.0    1108.2    72.0      13.225      187.5       
1160    0.7     39.33     3674.0    955.3     72.0      15.449      187.7       
1580    0.6     39.35     4288.0    1115.3    72.0      13.184      186.9       
890     0.8     39.37     3218.0    837.6     72.0      17.735      188.5       
1590    0.6     39.47     4302.0    1122.4    72.0      13.144      186.3       
1170    0.7     39.5      3690.0    963.5     72.0      15.383      186.9       
900     0.8     39.6      3236.0    847.1     72.0      17.634      187.5       
1600    0.6     39.6      4315.0    1129.4    72.0      13.104      185.7       
1180    0.7     39.67     3706.0    971.8     72.0      15.318      186.1       
1610    0.6     39.72     4329.0    1136.5    72.0      13.064      185.2       
910     0.8     39.81     3254.0    856.5     72.0      17.536      186.4       
1190    0.7     39.84     3721.0    980.0     72.0      15.253      185.3       
1620    0.6     39.84     4342.0    1143.5    72.0      13.025      184.6       
1630    0.6     39.97     4355.0    1150.6    72.0      12.986      184.1       
1200    0.7     40.01     3737.0    988.2     72.0      15.19       184.5       
920     0.8     40.03     3272.0    865.9     72.0      17.439      185.4       
1640    0.6     40.09     4369.0    1157.6    72.0      12.947      183.5       
1210    0.7     40.17     3753.0    996.5     72.0      15.128      183.8       
1650    0.6     40.21     4382.0    1164.7    72.0      12.909      183.0       
930     0.8     40.25     3290.0    875.3     72.0      17.344      184.4       
1660    0.6     40.33     4395.0    1171.8    72.0      12.871      182.4       
1220    0.7     40.34     3768.0    1004.7    72.0      15.066      183.0       
1670    0.6     40.45     4409.0    1178.8    72.0      12.834      181.9       
940     0.8     40.47     3308.0    884.7     72.0      17.25       183.4       
1230    0.7     40.5      3783.0    1012.9    72.0      15.005      182.3       
1680    0.6     40.57     4422.0    1185.9    72.0      12.797      181.4       
1240    0.7     40.67     3799.0    1021.2    72.0      14.945      181.6       
950     0.8     40.68     3325.0    894.1     72.0      17.158      182.4       
1690    0.6     40.69     4435.0    1192.9    72.0      12.76       180.9       
1700    0.6     40.81     4448.0    1200.0    72.0      12.724      180.3       
1250    0.7     40.83     3814.0    1029.4    72.0      14.886      180.8       
960     0.8     40.89     3343.0    903.5     72.0      17.068      181.4       
1710    0.6     40.93     4461.0    1207.1    72.0      12.688      179.8       
1260    0.7     40.99     3829.0    1037.6    72.0      14.827      180.1       
1720    0.6     41.05     4474.0    1214.1    72.0      12.652      179.3       
970     0.8     41.11     3360.0    912.9     72.0      16.979      180.5       
1270    0.7     41.16     3845.0    1045.9    72.0      14.769      179.4       
1730    0.6     41.17     4487.0    1221.2    72.0      12.617      178.8       
1740    0.6     41.29     4500.0    1228.2    72.0      12.582      178.3       
980     0.8     41.32     3377.0    922.4     72.0      16.891      179.6       
1280    0.7     41.32     3860.0    1054.1    72.0      14.712      178.7       
1750    0.6     41.41     4513.0    1235.3    72.0      12.547      177.8       
1290    0.7     41.48     3875.0    1062.4    72.0      14.656      178.1       
1760    0.6     41.53     4526.0    1242.4    72.0      12.513      177.4       
990     0.8     41.53     3394.0    931.8     72.0      16.805      178.7       
1300    0.7     41.64     3890.0    1070.6    72.0      14.6        177.4       
1770    0.6     41.65     4539.0    1249.4    72.0      12.479      176.9       
1000    0.8     41.74     3411.0    941.2     72.0      16.721      177.8       
1780    0.6     41.76     4551.0    1256.5    72.0      12.445      176.4       
1310    0.7     41.8      3905.0    1078.8    72.0      14.545      176.7       
1790    0.6     41.88     4564.0    1263.5    72.0      12.411      175.9       
1010    0.8     41.95     3428.0    950.6     72.0      16.638      176.9       
1320    0.7     41.96     3919.0    1087.1    72.0      14.491      176.1       
800     0.9     42.0      3051.0    847.1     72.0      18.796      177.6       
1800    0.6     42.0      4577.0    1270.6    72.0      12.378      175.5       
1810    0.6     42.11     4590.0    1277.6    72.0      12.345      175.0       
1330    0.7     42.12     3934.0    1095.3    72.0      14.438      175.4       
1020    0.8     42.15     3445.0    960.0     72.0      16.556      176.0       
1820    0.6     42.23     4602.0    1284.7    72.0      12.313      174.5       
810     0.9     42.26     3070.0    857.6     72.0      18.677      176.5       
1340    0.7     42.28     3949.0    1103.5    72.0      14.385      174.8       
1830    0.6     42.35     4615.0    1291.8    72.0      12.281      174.1       
1030    0.8     42.36     3462.0    969.4     72.0      16.475      175.1       
1350    0.7     42.43     3964.0    1111.8    72.0      14.332      174.1       
1840    0.6     42.46     4628.0    1298.8    72.0      12.249      173.6       
820     0.9     42.52     3089.0    868.2     72.0      18.561      175.4       
1040    0.8     42.56     3479.0    978.8     72.0      16.396      174.3       
1850    0.6     42.58     4640.0    1305.9    72.0      12.217      173.2       
1360    0.7     42.59     3978.0    1120.0    72.0      14.28       173.5       
1860    0.6     42.69     4653.0    1312.9    72.0      12.185      172.7       
1370    0.7     42.75     3993.0    1128.2    72.0      14.229      172.9       
1050    0.8     42.77     3496.0    988.2     72.0      16.317      173.5       
830     0.9     42.78     3108.0    878.8     72.0      18.447      174.3       
1870    0.6     42.81     4665.0    1320.0    72.0      12.154      172.3       
1380    0.7     42.9      4008.0    1136.5    72.0      14.179      172.3       
1880    0.6     42.92     4678.0    1327.1    72.0      12.123      171.8       
1060    0.8     42.97     3512.0    997.6     72.0      16.24       172.6       
840     0.9     43.03     3127.0    889.4     72.0      18.335      173.3       
1890    0.6     43.03     4690.0    1334.1    72.0      12.093      171.4       
1390    0.7     43.06     4022.0    1144.7    72.0      14.129      171.7       
1900    0.6     43.15     4702.0    1341.2    72.0      12.062      171.0       
1070    0.8     43.17     3529.0    1007.1    72.0      16.164      171.8       
1400    0.7     43.21     4036.0    1152.9    72.0      14.079      171.1       
1910    0.6     43.26     4715.0    1348.2    72.0      12.032      170.5       
850     0.9     43.29     3145.0    900.0     72.0      18.225      172.2       
1410    0.7     43.37     4051.0    1161.2    72.0      14.031      170.5       
1080    0.8     43.37     3545.0    1016.5    72.0      16.09       171.0       
1920    0.6     43.37     4727.0    1355.3    72.0      12.002      170.1       
1930    0.6     43.49     4739.0    1362.4    72.0      11.973      169.7       
1420    0.7     43.52     4065.0    1169.4    72.0      13.982      169.9       
860     0.9     43.54     3164.0    910.6     72.0      18.118      171.2       
1090    0.8     43.58     3562.0    1025.9    72.0      16.016      170.3       
1940    0.6     43.6      4752.0    1369.4    72.0      11.943      169.3       
1430    0.7     43.67     4080.0    1177.6    72.0      13.935      169.3       
1950    0.6     43.71     4764.0    1376.5    72.0      11.914      168.9       
1100    0.8     43.77     3578.0    1035.3    72.0      15.944      169.5       
870     0.9     43.8      3182.0    921.2     72.0      18.012      170.2       
1440    0.7     43.82     4094.0    1185.9    72.0      13.887      168.7       
1960    0.6     43.82     4776.0    1383.5    72.0      11.885      168.5       
1970    0.6     43.94     4788.0    1390.6    72.0      11.857      168.1       
1110    0.8     43.97     3594.0    1044.7    72.0      15.872      168.7       
1450    0.7     43.98     4108.0    1194.1    72.0      13.841      168.2       
880     0.9     44.05     3200.0    931.8     72.0      17.908      169.2       
1980    0.6     44.05     4800.0    1397.6    72.0      11.828      167.7       
1460    0.7     44.13     4122.0    1202.4    72.0      13.795      167.6       
1990    0.6     44.16     4812.0    1404.7    72.0      11.8        167.3       
1120    0.8     44.17     3610.0    1054.1    72.0      15.802      168.0       
2000    0.6     44.27     4825.0    1411.8    72.0      11.772      166.9       
1470    0.7     44.28     4136.0    1210.6    72.0      13.749      167.0       
890     0.9     44.3      3218.0    942.4     72.0      17.806      168.3       
1130    0.8     44.37     3626.0    1063.5    72.0      15.732      167.2       
1480    0.7     44.43     4150.0    1218.8    72.0      13.704      166.5       
900     0.9     44.55     3236.0    952.9     72.0      17.707      167.3       
1140    0.8     44.56     3642.0    1072.9    72.0      15.664      166.5       
1490    0.7     44.58     4164.0    1227.1    72.0      13.659      165.9       
1500    0.7     44.73     4178.0    1235.3    72.0      13.615      165.4       
1150    0.8     44.76     3658.0    1082.4    72.0      15.596      165.8       
910     0.9     44.79     3254.0    963.5     72.0      17.608      166.4       
1510    0.7     44.88     4192.0    1243.5    72.0      13.571      164.9       
1160    0.8     44.95     3674.0    1091.8    72.0      15.53       165.1       
1520    0.7     45.03     4206.0    1251.8    72.0      13.528      164.4       
920     0.9     45.04     3272.0    974.1     72.0      17.512      165.5       
1170    0.8     45.15     3690.0    1101.2    72.0      15.464      164.4       
1530    0.7     45.17     4220.0    1260.0    72.0      13.485      163.8       
930     0.9     45.28     3290.0    984.7     72.0      17.417      164.6       
1540    0.7     45.32     4234.0    1268.2    72.0      13.443      163.3       
1180    0.8     45.34     3706.0    1110.6    72.0      15.399      163.7       
1550    0.7     45.47     4247.0    1276.5    72.0      13.401      162.8       
940     0.9     45.52     3308.0    995.3     72.0      17.324      163.7       
1190    0.8     45.53     3721.0    1120.0    72.0      15.336      163.0       
1560    0.7     45.61     4261.0    1284.7    72.0      13.36       162.3       
1200    0.8     45.72     3737.0    1129.4    72.0      15.273      162.4       
1570    0.7     45.76     4275.0    1292.9    72.0      13.319      161.8       
950     0.9     45.77     3325.0    1005.9    72.0      17.232      162.8       
1580    0.7     45.91     4288.0    1301.2    72.0      13.278      161.3       
1210    0.8     45.91     3753.0    1138.8    72.0      15.21       161.7       
960     0.9     46.01     3343.0    1016.5    72.0      17.142      162.0       
1590    0.7     46.05     4302.0    1309.4    72.0      13.238      160.8       
1220    0.8     46.1      3768.0    1148.2    72.0      15.149      161.0       
1600    0.7     46.19     4315.0    1317.6    72.0      13.198      160.3       
970     0.9     46.24     3360.0    1027.1    72.0      17.054      161.1       
1230    0.8     46.29     3783.0    1157.6    72.0      15.089      160.4       
1610    0.7     46.34     4329.0    1325.9    72.0      13.159      159.9       
1240    0.8     46.48     3799.0    1167.1    72.0      15.029      159.8       
980     0.9     46.48     3377.0    1037.6    72.0      16.967      160.3       
1620    0.7     46.48     4342.0    1334.1    72.0      13.12       159.4       
1630    0.7     46.63     4355.0    1342.4    72.0      13.081      158.9       
1250    0.8     46.66     3814.0    1176.5    72.0      14.97       159.1       
800     1.0     46.66     3051.0    941.2     72.0      18.864      160.4       
990     0.9     46.72     3394.0    1048.2    72.0      16.881      159.5       
1640    0.7     46.77     4369.0    1350.6    72.0      13.043      158.5       
1260    0.8     46.85     3829.0    1185.9    72.0      14.912      158.5       
1650    0.7     46.91     4382.0    1358.8    72.0      13.005      158.0       
810     1.0     46.95     3070.0    952.9     72.0      18.746      159.4       
1000    0.9     46.95     3411.0    1058.8    72.0      16.797      158.7       
1270    0.8     47.04     3845.0    1195.3    72.0      14.854      157.9       
1660    0.7     47.05     4395.0    1367.1    72.0      12.967      157.5       
1010    0.9     47.19     3428.0    1069.4    72.0      16.714      157.9       
1670    0.7     47.19     4409.0    1375.3    72.0      12.93       157.1       
1280    0.8     47.22     3860.0    1204.7    72.0      14.797      157.3       
820     1.0     47.24     3089.0    964.7     72.0      18.63       158.4       
1680    0.7     47.34     4422.0    1383.5    72.0      12.893      156.6       
1290    0.8     47.4      3875.0    1214.1    72.0      14.741      156.7       
1020    0.9     47.42     3445.0    1080.0    72.0      16.632      157.2       
1690    0.7     47.48     4435.0    1391.8    72.0      12.857      156.2       
830     1.0     47.53     3108.0    976.5     72.0      18.517      157.5       
1300    0.8     47.59     3890.0    1223.5    72.0      14.686      156.1       
1700    0.7     47.62     4448.0    1400.0    72.0      12.821      155.8       
1030    0.9     47.65     3462.0    1090.6    72.0      16.552      156.4       
1710    0.7     47.76     4461.0    1408.2    72.0      12.785      155.3       
1310    0.8     47.77     3905.0    1232.9    72.0      14.631      155.5       
840     1.0     47.82     3127.0    988.2     72.0      18.405      156.5       
1040    0.9     47.88     3479.0    1101.2    72.0      16.473      155.7       
1720    0.7     47.9      4474.0    1416.5    72.0      12.75       154.9       
1320    0.8     47.95     3919.0    1242.4    72.0      14.577      155.0       
1730    0.7     48.03     4487.0    1424.7    72.0      12.715      154.5       
850     1.0     48.1      3145.0    1000.0    72.0      18.296      155.6       
1050    0.9     48.11     3496.0    1111.8    72.0      16.395      154.9       
1330    0.8     48.13     3934.0    1251.8    72.0      14.524      154.4       
1740    0.7     48.17     4500.0    1432.9    72.0      12.68       154.1       
1750    0.7     48.31     4513.0    1441.2    72.0      12.646      153.6       
1340    0.8     48.31     3949.0    1261.2    72.0      14.471      153.8       
1060    0.9     48.34     3512.0    1122.4    72.0      16.318      154.2       
860     1.0     48.38     3164.0    1011.8    72.0      18.188      154.7       
1760    0.7     48.45     4526.0    1449.4    72.0      12.611      153.2       
1350    0.8     48.49     3964.0    1270.6    72.0      14.419      153.3       
1070    0.9     48.57     3529.0    1132.9    72.0      16.243      153.5       
1770    0.7     48.59     4539.0    1457.6    72.0      12.578      152.8       
870     1.0     48.66     3182.0    1023.5    72.0      18.083      153.8       
1360    0.8     48.67     3978.0    1280.0    72.0      14.368      152.7       
1780    0.7     48.72     4551.0    1465.9    72.0      12.544      152.4       
1080    0.9     48.8      3545.0    1143.5    72.0      16.168      152.8       
1370    0.8     48.85     3993.0    1289.4    72.0      14.317      152.2       
1790    0.7     48.86     4564.0    1474.1    72.0      12.511      152.0       
880     1.0     48.94     3200.0    1035.3    72.0      17.98       152.9       
1800    0.7     49.0      4577.0    1482.4    72.0      12.478      151.6       
1090    0.9     49.02     3562.0    1154.1    72.0      16.095      152.1       
1380    0.8     49.03     4008.0    1298.8    72.0      14.267      151.7       
1810    0.7     49.13     4590.0    1490.6    72.0      12.445      151.2       
1390    0.8     49.21     4022.0    1308.2    72.0      14.217      151.1       
890     1.0     49.22     3218.0    1047.1    72.0      17.878      152.0       
1100    0.9     49.25     3578.0    1164.7    72.0      16.023      151.4       
1820    0.7     49.27     4602.0    1498.8    72.0      12.413      150.8       
1400    0.8     49.38     4036.0    1317.6    72.0      14.168      150.6       
1830    0.7     49.4      4615.0    1507.1    72.0      12.381      150.4       
1110    0.9     49.47     3594.0    1175.3    72.0      15.952      150.7       
900     1.0     49.49     3236.0    1058.8    72.0      17.779      151.2       
1840    0.7     49.54     4628.0    1515.3    72.0      12.349      150.0       
1410    0.8     49.56     4051.0    1327.1    72.0      14.12       150.1       
1850    0.7     49.67     4640.0    1523.5    72.0      12.318      149.7       
1120    0.9     49.69     3610.0    1185.9    72.0      15.882      150.1       
1420    0.8     49.74     4065.0    1336.5    72.0      14.072      149.6       
910     1.0     49.77     3254.0    1070.6    72.0      17.681      150.4       
1860    0.7     49.81     4653.0    1531.8    72.0      12.287      149.3       
1430    0.8     49.91     4080.0    1345.9    72.0      14.024      149.1       
1130    0.9     49.91     3626.0    1196.5    72.0      15.813      149.4       
1870    0.7     49.94     4665.0    1540.0    72.0      12.256      148.9       
920     1.0     50.04     3272.0    1082.4    72.0      17.585      149.5       
1880    0.7     50.07     4678.0    1548.2    72.0      12.225      148.5       
1440    0.8     50.08     4094.0    1355.3    72.0      13.977      148.6       
1140    0.9     50.13     3642.0    1207.1    72.0      15.744      148.8       
1890    0.7     50.21     4690.0    1556.5    72.0      12.195      148.2       
1450    0.8     50.26     4108.0    1364.7    72.0      13.931      148.1       
930     1.0     50.31     3290.0    1094.1    72.0      17.49       148.7       
1900    0.7     50.34     4702.0    1564.7    72.0      12.165      147.8       
1150    0.9     50.35     3658.0    1217.6    72.0      15.677      148.1       
1460    0.8     50.43     4122.0    1374.1    72.0      13.885      147.6       
1910    0.7     50.47     4715.0    1572.9    72.0      12.135      147.4       
1160    0.9     50.57     3674.0    1228.2    72.0      15.611      147.5       
940     1.0     50.58     3308.0    1105.9    72.0      17.398      148.0       
1920    0.7     50.6      4727.0    1581.2    72.0      12.105      147.1       
1470    0.8     50.6      4136.0    1383.5    72.0      13.84       147.1       
1930    0.7     50.74     4739.0    1589.4    72.0      12.076      146.7       
1480    0.8     50.78     4150.0    1392.9    72.0      13.795      146.6       
1170    0.9     50.79     3690.0    1238.8    72.0      15.546      146.9       
950     1.0     50.85     3325.0    1117.6    72.0      17.306      147.2       
1940    0.7     50.87     4752.0    1597.6    72.0      12.047      146.4       
1490    0.8     50.95     4164.0    1402.4    72.0      13.751      146.2       
1950    0.7     51.0      4764.0    1605.9    72.0      12.018      146.0       
1180    0.9     51.01     3706.0    1249.4    72.0      15.481      146.3       
960     1.0     51.12     3343.0    1129.4    72.0      17.217      146.4       
1500    0.8     51.12     4178.0    1411.8    72.0      13.707      145.7       
1960    0.7     51.13     4776.0    1614.1    72.0      11.989      145.7       
1190    0.9     51.22     3721.0    1260.0    72.0      15.418      145.7       
1970    0.7     51.26     4788.0    1622.4    72.0      11.961      145.3       
1510    0.8     51.29     4192.0    1421.2    72.0      13.663      145.2       
800     1.1     51.33     3051.0    1035.3    72.0      18.933      146.4       
970     1.0     51.38     3360.0    1141.2    72.0      17.128      145.7       
1980    0.7     51.39     4800.0    1630.6    72.0      11.932      145.0       
1200    0.9     51.44     3737.0    1270.6    72.0      15.355      145.1       
1520    0.8     51.46     4206.0    1430.6    72.0      13.62       144.8       
1990    0.7     51.52     4812.0    1638.8    72.0      11.904      144.6       
1530    0.8     51.63     4220.0    1440.0    72.0      13.578      144.3       
980     1.0     51.65     3377.0    1152.9    72.0      17.042      144.9       
2000    0.7     51.65     4825.0    1647.1    72.0      11.877      144.3       
810     1.1     51.65     3070.0    1048.2    72.0      18.815      145.5       
1210    0.9     51.65     3753.0    1281.2    72.0      15.293      144.5       
1540    0.8     51.79     4234.0    1449.4    72.0      13.536      143.9       
1220    0.9     51.86     3768.0    1291.8    72.0      15.232      143.9       
990     1.0     51.91     3394.0    1164.7    72.0      16.956      144.2       
1550    0.8     51.96     4247.0    1458.8    72.0      13.494      143.4       
820     1.1     51.97     3089.0    1061.2    72.0      18.699      144.6       
1230    0.9     52.08     3783.0    1302.4    72.0      15.172      143.4       
1560    0.8     52.13     4261.0    1468.2    72.0      13.453      143.0       
1000    1.0     52.17     3411.0    1176.5    72.0      16.872      143.5       
830     1.1     52.28     3108.0    1074.1    72.0      18.586      143.7       
1240    0.9     52.29     3799.0    1312.9    72.0      15.113      142.8       
1570    0.8     52.3      4275.0    1477.6    72.0      13.412      142.6       
1010    1.0     52.43     3428.0    1188.2    72.0      16.79       142.8       
1580    0.8     52.46     4288.0    1487.1    72.0      13.372      142.2       
1250    0.9     52.5      3814.0    1323.5    72.0      15.054      142.3       
840     1.1     52.6      3127.0    1087.1    72.0      18.475      142.8       
1590    0.8     52.63     4302.0    1496.5    72.0      13.332      141.7       
1020    1.0     52.69     3445.0    1200.0    72.0      16.709      142.1       
1260    0.9     52.71     3829.0    1334.1    72.0      14.996      141.7       
1600    0.8     52.79     4315.0    1505.9    72.0      13.292      141.3       
850     1.1     52.91     3145.0    1100.0    72.0      18.366      142.0       
1270    0.9     52.92     3845.0    1344.7    72.0      14.939      141.2       
1030    1.0     52.95     3462.0    1211.8    72.0      16.629      141.4       
1610    0.8     52.96     4329.0    1515.3    72.0      13.253      140.9       
1280    0.9     53.12     3860.0    1355.3    72.0      14.882      140.6       
1620    0.8     53.12     4342.0    1524.7    72.0      13.215      140.5       
1040    1.0     53.2      3479.0    1223.5    72.0      16.55       140.7       
860     1.1     53.22     3164.0    1112.9    72.0      18.259      141.2       
1630    0.8     53.29     4355.0    1534.1    72.0      13.176      140.1       
1290    0.9     53.33     3875.0    1365.9    72.0      14.827      140.1       
1640    0.8     53.45     4369.0    1543.5    72.0      13.138      139.7       
1050    1.0     53.46     3496.0    1235.3    72.0      16.472      140.1       
870     1.1     53.53     3182.0    1125.9    72.0      18.154      140.4       
1300    0.9     53.54     3890.0    1376.5    72.0      14.772      139.6       
1650    0.8     53.61     4382.0    1552.9    72.0      13.101      139.3       
1060    1.0     53.71     3512.0    1247.1    72.0      16.396      139.4       
1310    0.9     53.74     3905.0    1387.1    72.0      14.717      139.1       
1660    0.8     53.77     4395.0    1562.4    72.0      13.063      138.9       
880     1.1     53.84     3200.0    1138.8    72.0      18.051      139.6       
1670    0.8     53.94     4409.0    1571.8    72.0      13.027      138.5       
1320    0.9     53.95     3919.0    1397.6    72.0      14.664      138.6       
1070    1.0     53.97     3529.0    1258.8    72.0      16.321      138.8       
1680    0.8     54.1      4422.0    1581.2    72.0      12.99       138.1       
890     1.1     54.14     3218.0    1151.8    72.0      17.95       138.8       
1330    0.9     54.15     3934.0    1408.2    72.0      14.611      138.1       
1080    1.0     54.22     3545.0    1270.6    72.0      16.247      138.2       
1690    0.8     54.26     4435.0    1590.6    72.0      12.954      137.7       
1340    0.9     54.35     3949.0    1418.8    72.0      14.558      137.6       
1700    0.8     54.42     4448.0    1600.0    72.0      12.918      137.3       
900     1.1     54.44     3236.0    1164.7    72.0      17.851      138.0       
1090    1.0     54.47     3562.0    1282.4    72.0      16.174      137.6       
1350    0.9     54.56     3964.0    1429.4    72.0      14.507      137.1       
1710    0.8     54.58     4461.0    1609.4    72.0      12.883      136.9       
1100    1.0     54.72     3578.0    1294.1    72.0      16.102      136.9       
1720    0.8     54.74     4474.0    1618.8    72.0      12.847      136.6       
910     1.1     54.75     3254.0    1177.6    72.0      17.754      137.3       
1360    0.9     54.76     3978.0    1440.0    72.0      14.455      136.6       
1730    0.8     54.9      4487.0    1628.2    72.0      12.813      136.2       
1370    0.9     54.96     3993.0    1450.6    72.0      14.405      136.1       
1110    1.0     54.97     3594.0    1305.9    72.0      16.031      136.3       
920     1.1     55.05     3272.0    1190.6    72.0      17.658      136.5       
1740    0.8     55.06     4500.0    1637.6    72.0      12.778      135.8       
1380    0.9     55.16     4008.0    1461.2    72.0      14.355      135.6       
1120    1.0     55.21     3610.0    1317.6    72.0      15.962      135.7       
1750    0.8     55.21     4513.0    1647.1    72.0      12.744      135.5       
930     1.1     55.34     3290.0    1203.5    72.0      17.564      135.8       
1390    0.9     55.36     4022.0    1471.8    72.0      14.306      135.2       
1760    0.8     55.37     4526.0    1656.5    72.0      12.71       135.1       
1130    1.0     55.46     3626.0    1329.4    72.0      15.893      135.2       
1770    0.8     55.53     4539.0    1665.9    72.0      12.677      134.8       
1400    0.9     55.56     4036.0    1482.4    72.0      14.257      134.7       
940     1.1     55.64     3308.0    1216.5    72.0      17.471      135.1       
1780    0.8     55.68     4551.0    1675.3    72.0      12.643      134.4       
1140    1.0     55.7      3642.0    1341.2    72.0      15.825      134.6       
1410    0.9     55.76     4051.0    1492.9    72.0      14.209      134.3       
1790    0.8     55.84     4564.0    1684.7    72.0      12.61       134.1       
950     1.1     55.94     3325.0    1229.4    72.0      17.38       134.4       
1150    1.0     55.95     3658.0    1352.9    72.0      15.758      134.0       
1420    0.9     55.95     4065.0    1503.5    72.0      14.161      133.8       
1800    0.8     56.0      4577.0    1694.1    72.0      12.578      133.7       
800     1.2     56.0      3051.0    1129.4    72.0      19.001      134.7       
1430    0.9     56.15     4080.0    1514.1    72.0      14.114      133.4       
1810    0.8     56.15     4590.0    1703.5    72.0      12.546      133.4       
1160    1.0     56.19     3674.0    1364.7    72.0      15.692      133.5       
960     1.1     56.23     3343.0    1242.4    72.0      17.291      133.7       
1820    0.8     56.31     4602.0    1712.9    72.0      12.513      133.0       
810     1.2     56.35     3070.0    1143.5    72.0      18.884      133.8       
1440    0.9     56.35     4094.0    1524.7    72.0      14.067      132.9       
1170    1.0     56.43     3690.0    1376.5    72.0      15.627      132.9       
1830    0.8     56.46     4615.0    1722.4    72.0      12.482      132.7       
970     1.1     56.52     3360.0    1255.3    72.0      17.203      133.0       
1450    0.9     56.54     4108.0    1535.3    72.0      14.021      132.5       
1840    0.8     56.62     4628.0    1731.8    72.0      12.45       132.4       
1180    1.0     56.67     3706.0    1388.2    72.0      15.563      132.4       
820     1.2     56.69     3089.0    1157.6    72.0      18.769      133.0       
1460    0.9     56.74     4122.0    1545.9    72.0      13.976      132.1       
1850    0.8     56.77     4640.0    1741.2    72.0      12.419      132.0       
980     1.1     56.81     3377.0    1268.2    72.0      17.117      132.3       
1190    1.0     56.91     3721.0    1400.0    72.0      15.5        131.8       
1860    0.8     56.92     4653.0    1750.6    72.0      12.388      131.7       
1470    0.9     56.93     4136.0    1556.5    72.0      13.93       131.6       
830     1.2     57.04     3108.0    1171.8    72.0      18.656      132.2       
1870    0.8     57.08     4665.0    1760.0    72.0      12.357      131.4       
990     1.1     57.1      3394.0    1281.2    72.0      17.032      131.7       
1480    0.9     57.12     4150.0    1567.1    72.0      13.886      131.2       
1200    1.0     57.15     3737.0    1411.8    72.0      15.438      131.3       
1880    0.8     57.23     4678.0    1769.4    72.0      12.327      131.0       
1490    0.9     57.32     4164.0    1577.6    72.0      13.842      130.8       
840     1.2     57.38     3127.0    1185.9    72.0      18.545      131.4       
1890    0.8     57.38     4690.0    1778.8    72.0      12.297      130.7       
1000    1.1     57.39     3411.0    1294.1    72.0      16.948      131.0       
1210    1.0     57.39     3753.0    1423.5    72.0      15.376      130.8       
1500    0.9     57.51     4178.0    1588.2    72.0      13.798      130.4       
1900    0.8     57.53     4702.0    1788.2    72.0      12.267      130.4       
1220    1.0     57.63     3768.0    1435.3    72.0      15.315      130.2       
1010    1.1     57.68     3428.0    1307.1    72.0      16.866      130.4       
1910    0.8     57.68     4715.0    1797.6    72.0      12.237      130.1       
1510    0.9     57.7      4192.0    1598.8    72.0      13.755      130.0       
850     1.2     57.72     3145.0    1200.0    72.0      18.436      130.7       
1920    0.8     57.83     4727.0    1807.1    72.0      12.208      129.8       
1230    1.0     57.86     3783.0    1447.1    72.0      15.256      129.7       
1520    0.9     57.89     4206.0    1609.4    72.0      13.712      129.6       
1020    1.1     57.96     3445.0    1320.0    72.0      16.785      129.8       
1930    0.8     57.98     4739.0    1816.5    72.0      12.179      129.5       
860     1.2     58.06     3164.0    1214.1    72.0      18.33       129.9       
1530    0.9     58.08     4220.0    1620.0    72.0      13.67       129.2       
1240    1.0     58.1      3799.0    1458.8    72.0      15.196      129.2       
1940    0.8     58.13     4752.0    1825.9    72.0      12.15       129.2       
1030    1.1     58.24     3462.0    1332.9    72.0      16.706      129.2       
1540    0.9     58.27     4234.0    1630.6    72.0      13.628      128.8       
1950    0.8     58.28     4764.0    1835.3    72.0      12.121      128.9       
1250    1.0     58.33     3814.0    1470.6    72.0      15.138      128.7       
870     1.2     58.4      3182.0    1228.2    72.0      18.225      129.2       
1960    0.8     58.43     4776.0    1844.7    72.0      12.093      128.6       
1550    0.9     58.46     4247.0    1641.2    72.0      13.587      128.4       
1040    1.1     58.53     3479.0    1345.9    72.0      16.627      128.5       
1260    1.0     58.56     3829.0    1482.4    72.0      15.08       128.3       
1970    0.8     58.58     4788.0    1854.1    72.0      12.065      128.3       
1560    0.9     58.65     4261.0    1651.8    72.0      13.546      128.0       
880     1.2     58.73     3200.0    1242.4    72.0      18.123      128.4       
1980    0.8     58.73     4800.0    1863.5    72.0      12.037      128.0       
1270    1.0     58.79     3845.0    1494.1    72.0      15.024      127.8       
1050    1.1     58.81     3496.0    1358.8    72.0      16.55       128.0       
1570    0.9     58.83     4275.0    1662.4    72.0      13.506      127.6       
1990    0.8     58.88     4812.0    1872.9    72.0      12.009      127.7       
1580    0.9     59.02     4288.0    1672.9    72.0      13.466      127.2       
1280    1.0     59.03     3860.0    1505.9    72.0      14.968      127.3       
2000    0.8     59.03     4825.0    1882.4    72.0      11.982      127.4       
890     1.2     59.06     3218.0    1256.5    72.0      18.022      127.7       
1060    1.1     59.09     3512.0    1371.8    72.0      16.474      127.4       
1590    0.9     59.21     4302.0    1683.5    72.0      13.426      126.9       
1290    1.0     59.26     3875.0    1517.6    72.0      14.912      126.8       
1070    1.1     59.36     3529.0    1384.7    72.0      16.399      126.8       
900     1.2     59.39     3236.0    1270.6    72.0      17.923      127.0       
1600    0.9     59.39     4315.0    1694.1    72.0      13.387      126.5       
1300    1.0     59.48     3890.0    1529.4    72.0      14.857      126.4       
1610    0.9     59.58     4329.0    1704.7    72.0      13.348      126.1       
1080    1.1     59.64     3545.0    1397.6    72.0      16.325      126.2       
1310    1.0     59.71     3905.0    1541.2    72.0      14.803      125.9       
910     1.2     59.72     3254.0    1284.7    72.0      17.826      126.3       
1620    0.9     59.76     4342.0    1715.3    72.0      13.31       125.8       
1090    1.1     59.92     3562.0    1410.6    72.0      16.253      125.7       
1320    1.0     59.94     3919.0    1552.9    72.0      14.75       125.4       
1630    0.9     59.95     4355.0    1725.9    72.0      13.271      125.4       
920     1.2     60.05     3272.0    1298.8    72.0      17.731      125.7       
1640    0.9     60.13     4369.0    1736.5    72.0      13.234      125.1       
1330    1.0     60.17     3934.0    1564.7    72.0      14.697      125.0       
1100    1.1     60.19     3578.0    1423.5    72.0      16.181      125.1       
1650    0.9     60.31     4382.0    1747.1    72.0      13.196      124.7       
930     1.2     60.38     3290.0    1312.9    72.0      17.637      125.0       
1340    1.0     60.39     3949.0    1576.5    72.0      14.645      124.5       
1110    1.1     60.46     3594.0    1436.5    72.0      16.111      124.6       
1660    0.9     60.5      4395.0    1757.6    72.0      13.159      124.3       
1350    1.0     60.62     3964.0    1588.2    72.0      14.594      124.1       
800     1.3     60.66     3051.0    1223.5    72.0      19.07       124.8       
1670    0.9     60.68     4409.0    1768.2    72.0      13.123      124.0       
940     1.2     60.7      3308.0    1327.1    72.0      17.545      124.3       
1120    1.1     60.73     3610.0    1449.4    72.0      16.041      124.0       
1360    1.0     60.84     3978.0    1600.0    72.0      14.543      123.7       
1680    0.9     60.86     4422.0    1778.8    72.0      13.087      123.7       
1130    1.1     61.01     3626.0    1462.4    72.0      15.973      123.5       
950     1.2     61.02     3325.0    1341.2    72.0      17.454      123.7       
1690    0.9     61.04     4435.0    1789.4    72.0      13.051      123.3       
810     1.3     61.04     3070.0    1238.8    72.0      18.953      124.0       
1370    1.0     61.07     3993.0    1611.8    72.0      14.493      123.3       
1700    0.9     61.22     4448.0    1800.0    72.0      13.015      123.0       
1140    1.1     61.27     3642.0    1475.3    72.0      15.906      123.0       
1380    1.0     61.29     4008.0    1623.5    72.0      14.443      122.8       
960     1.2     61.34     3343.0    1355.3    72.0      17.365      123.1       
1710    0.9     61.4      4461.0    1810.6    72.0      12.98       122.7       
820     1.3     61.42     3089.0    1254.1    72.0      18.838      123.2       
1390    1.0     61.51     4022.0    1635.3    72.0      14.394      122.4       
1150    1.1     61.54     3658.0    1488.2    72.0      15.839      122.5       
1720    0.9     61.58     4474.0    1821.2    72.0      12.945      122.3       
970     1.2     61.66     3360.0    1369.4    72.0      17.278      122.4       
1400    1.0     61.73     4036.0    1647.1    72.0      14.345      122.0       
1730    0.9     61.76     4487.0    1831.8    72.0      12.911      122.0       
830     1.3     61.79     3108.0    1269.4    72.0      18.725      122.5       
1160    1.1     61.81     3674.0    1501.2    72.0      15.773      121.9       
1740    0.9     61.94     4500.0    1842.4    72.0      12.876      121.7       
1410    1.0     61.95     4051.0    1658.8    72.0      14.298      121.6       
980     1.2     61.98     3377.0    1383.5    72.0      17.192      121.8       
1170    1.1     62.08     3690.0    1514.1    72.0      15.709      121.4       
1750    0.9     62.12     4513.0    1852.9    72.0      12.842      121.4       
840     1.3     62.16     3127.0    1284.7    72.0      18.615      121.8       
1420    1.0     62.17     4065.0    1670.6    72.0      14.25       121.2       
1760    0.9     62.29     4526.0    1863.5    72.0      12.809      121.0       
990     1.2     62.29     3394.0    1397.6    72.0      17.107      121.2       
1180    1.1     62.34     3706.0    1527.1    72.0      15.645      121.0       
1430    1.0     62.39     4080.0    1682.4    72.0      14.203      120.8       
1770    0.9     62.47     4539.0    1874.1    72.0      12.776      120.7       
850     1.3     62.53     3145.0    1300.0    72.0      18.507      121.1       
1190    1.1     62.6      3721.0    1540.0    72.0      15.582      120.5       
1440    1.0     62.61     4094.0    1694.1    72.0      14.157      120.4       
1000    1.2     62.61     3411.0    1411.8    72.0      17.024      120.7       
1780    0.9     62.65     4551.0    1884.7    72.0      12.743      120.4       
1790    0.9     62.82     4564.0    1895.3    72.0      12.71       120.1       
1450    1.0     62.82     4108.0    1705.9    72.0      14.111      120.0       
1200    1.1     62.87     3737.0    1552.9    72.0      15.52       120.0       
860     1.3     62.9      3164.0    1315.3    72.0      18.401      120.4       
1010    1.2     62.92     3428.0    1425.9    72.0      16.942      120.1       
1800    0.9     63.0      4577.0    1905.9    72.0      12.678      119.8       
1460    1.0     63.04     4122.0    1717.6    72.0      14.066      119.6       
1210    1.1     63.13     3753.0    1565.9    72.0      15.459      119.5       
1810    0.9     63.17     4590.0    1916.5    72.0      12.646      119.5       
1020    1.2     63.23     3445.0    1440.0    72.0      16.862      119.5       
1470    1.0     63.25     4136.0    1729.4    72.0      14.021      119.2       
870     1.3     63.26     3182.0    1330.6    72.0      18.297      119.7       
1820    0.9     63.35     4602.0    1927.1    72.0      12.614      119.2       
1220    1.1     63.39     3768.0    1578.8    72.0      15.399      119.1       
1480    1.0     63.47     4150.0    1741.2    72.0      13.977      118.9       
1830    0.9     63.52     4615.0    1937.6    72.0      12.582      118.9       
1030    1.2     63.54     3462.0    1454.1    72.0      16.782      118.9       
880     1.3     63.62     3200.0    1345.9    72.0      18.194      119.0       
1230    1.1     63.65     3783.0    1591.8    72.0      15.339      118.6       
1490    1.0     63.68     4164.0    1752.9    72.0      13.933      118.5       
1840    0.9     63.69     4628.0    1948.2    72.0      12.551      118.6       
1040    1.2     63.85     3479.0    1468.2    72.0      16.704      118.4       
1850    0.9     63.87     4640.0    1958.8    72.0      12.52       118.3       
1500    1.0     63.9      4178.0    1764.7    72.0      13.89       118.1       
1240    1.1     63.91     3799.0    1604.7    72.0      15.28       118.1       
890     1.3     63.98     3218.0    1361.2    72.0      18.094      118.4       
1860    0.9     64.04     4653.0    1969.4    72.0      12.489      118.0       
1510    1.0     64.11     4192.0    1776.5    72.0      13.847      117.8       
1050    1.2     64.15     3496.0    1482.4    72.0      16.628      117.8       
1250    1.1     64.16     3814.0    1617.6    72.0      15.222      117.7       
1870    0.9     64.21     4665.0    1980.0    72.0      12.459      117.7       
1520    1.0     64.32     4206.0    1788.2    72.0      13.805      117.4       
900     1.3     64.34     3236.0    1376.5    72.0      17.995      117.7       
1880    0.9     64.38     4678.0    1990.6    72.0      12.429      117.4       
1260    1.1     64.42     3829.0    1630.6    72.0      15.165      117.2       
1060    1.2     64.46     3512.0    1496.5    72.0      16.552      117.3       
1530    1.0     64.53     4220.0    1800.0    72.0      13.763      117.0       
1890    0.9     64.55     4690.0    2001.2    72.0      12.399      117.2       
1270    1.1     64.67     3845.0    1643.5    72.0      15.108      116.8       
910     1.3     64.7      3254.0    1391.8    72.0      17.899      117.1       
1900    0.9     64.72     4702.0    2011.8    72.0      12.369      116.9       
1540    1.0     64.74     4234.0    1811.8    72.0      13.721      116.7       
1070    1.2     64.76     3529.0    1510.6    72.0      16.477      116.8       
1910    0.9     64.89     4715.0    2022.4    72.0      12.34       116.6       
1280    1.1     64.93     3860.0    1656.5    72.0      15.053      116.4       
1550    1.0     64.95     4247.0    1823.5    72.0      13.68       116.3       
920     1.3     65.05     3272.0    1407.1    72.0      17.804      116.5       
1080    1.2     65.06     3545.0    1524.7    72.0      16.404      116.3       
1920    0.9     65.06     4727.0    2032.9    72.0      12.311      116.3       
1560    1.0     65.16     4261.0    1835.3    72.0      13.64       116.0       
1290    1.1     65.18     3875.0    1669.4    72.0      14.997      115.9       
1930    0.9     65.23     4739.0    2043.5    72.0      12.282      116.1       
800     1.4     65.33     3051.0    1317.6    72.0      19.138      116.3       
1090    1.2     65.36     3562.0    1538.8    72.0      16.332      115.7       
1570    1.0     65.37     4275.0    1847.1    72.0      13.599      115.7       
1940    0.9     65.4      4752.0    2054.1    72.0      12.253      115.8       
930     1.3     65.41     3290.0    1422.4    72.0      17.71       115.9       
1300    1.1     65.43     3890.0    1682.4    72.0      14.943      115.5       
1950    0.9     65.57     4764.0    2064.7    72.0      12.225      115.5       
1580    1.0     65.58     4288.0    1858.8    72.0      13.56       115.3       
1100    1.2     65.66     3578.0    1552.9    72.0      16.261      115.2       
1310    1.1     65.68     3905.0    1695.3    72.0      14.889      115.1       
1960    0.9     65.74     4776.0    2075.3    72.0      12.197      115.3       
810     1.4     65.74     3070.0    1334.1    72.0      19.021      115.5       
940     1.3     65.76     3308.0    1437.6    72.0      17.619      115.3       
1590    1.0     65.79     4302.0    1870.6    72.0      13.52       115.0       
1970    0.9     65.9      4788.0    2085.9    72.0      12.169      115.0       
1320    1.1     65.93     3919.0    1708.2    72.0      14.836      114.7       
1110    1.2     65.96     3594.0    1567.1    72.0      16.191      114.7       
1600    1.0     65.99     4315.0    1882.4    72.0      13.481      114.7       
1980    0.9     66.07     4800.0    2096.5    72.0      12.141      114.7       
950     1.3     66.11     3325.0    1452.9    72.0      17.528      114.7       
820     1.4     66.14     3089.0    1350.6    72.0      18.907      114.9       
1330    1.1     66.18     3934.0    1721.2    72.0      14.784      114.3       
1610    1.0     66.2      4329.0    1894.1    72.0      13.443      114.3       
1990    0.9     66.24     4812.0    2107.1    72.0      12.114      114.5       
1120    1.2     66.26     3610.0    1581.2    72.0      16.121      114.3       
1620    1.0     66.4      4342.0    1905.9    72.0      13.404      114.0       
2000    0.9     66.4      4825.0    2117.6    72.0      12.087      114.2       
1340    1.1     66.43     3949.0    1734.1    72.0      14.732      113.9       
960     1.3     66.45     3343.0    1468.2    72.0      17.44       114.1       
830     1.4     66.54     3108.0    1367.1    72.0      18.795      114.2       
1130    1.2     66.55     3626.0    1595.3    72.0      16.053      113.8       
1630    1.0     66.61     4355.0    1917.6    72.0      13.367      113.7       
1350    1.1     66.68     3964.0    1747.1    72.0      14.681      113.5       
970     1.3     66.8      3360.0    1483.5    72.0      17.353      113.5       
1640    1.0     66.81     4369.0    1929.4    72.0      13.329      113.4       
1140    1.2     66.85     3642.0    1609.4    72.0      15.986      113.3       
1360    1.1     66.93     3978.0    1760.0    72.0      14.63       113.1       
840     1.4     66.94     3127.0    1383.5    72.0      18.685      113.5       
1650    1.0     67.02     4382.0    1941.2    72.0      13.292      113.0       
1150    1.2     67.14     3658.0    1623.5    72.0      15.92       112.8       
980     1.3     67.14     3377.0    1498.8    72.0      17.267      113.0       
1370    1.1     67.17     3993.0    1772.9    72.0      14.58       112.7       
1660    1.0     67.22     4395.0    1952.9    72.0      13.256      112.7       
850     1.4     67.34     3145.0    1400.0    72.0      18.577      112.8       
1380    1.1     67.42     4008.0    1785.9    72.0      14.531      112.3       
1670    1.0     67.42     4409.0    1964.7    72.0      13.219      112.4       
1160    1.2     67.43     3674.0    1637.6    72.0      15.855      112.4       
990     1.3     67.48     3394.0    1514.1    72.0      17.183      112.4       
1680    1.0     67.62     4422.0    1976.5    72.0      13.183      112.1       
1390    1.1     67.66     4022.0    1798.8    72.0      14.482      112.0       
1170    1.2     67.72     3690.0    1651.8    72.0      15.79       111.9       
860     1.4     67.73     3164.0    1416.5    72.0      18.471      112.2       
1690    1.0     67.82     4435.0    1988.2    72.0      13.148      111.8       
1000    1.3     67.82     3411.0    1529.4    72.0      17.1        111.9       
1400    1.1     67.9      4036.0    1811.8    72.0      14.434      111.6       
1180    1.2     68.01     3706.0    1665.9    72.0      15.727      111.5       
1700    1.0     68.02     4448.0    2000.0    72.0      13.112      111.5       
870     1.4     68.13     3182.0    1432.9    72.0      18.368      111.6       
1410    1.1     68.15     4051.0    1824.7    72.0      14.386      111.2       
1010    1.3     68.16     3428.0    1544.7    72.0      17.018      111.3       
1710    1.0     68.22     4461.0    2011.8    72.0      13.077      111.2       
1190    1.2     68.3      3721.0    1680.0    72.0      15.664      111.0       
1420    1.1     68.39     4065.0    1837.6    72.0      14.339      110.9       
1720    1.0     68.42     4474.0    2023.5    72.0      13.043      110.9       
1020    1.3     68.5      3445.0    1560.0    72.0      16.938      110.8       
880     1.4     68.52     3200.0    1449.4    72.0      18.266      111.0       
1200    1.2     68.58     3737.0    1694.1    72.0      15.603      110.6       
1730    1.0     68.62     4487.0    2035.3    72.0      13.009      110.6       
1430    1.1     68.63     4080.0    1850.6    72.0      14.293      110.5       
1740    1.0     68.82     4500.0    2047.1    72.0      12.975      110.3       
1030    1.3     68.83     3462.0    1575.3    72.0      16.859      110.3       
1440    1.1     68.87     4094.0    1863.5    72.0      14.247      110.1       
1210    1.2     68.87     3753.0    1708.2    72.0      15.542      110.1       
890     1.4     68.91     3218.0    1465.9    72.0      18.166      110.4       
1750    1.0     69.02     4513.0    2058.8    72.0      12.941      110.1       
1450    1.1     69.11     4108.0    1876.5    72.0      14.201      109.8       
1220    1.2     69.15     3768.0    1722.4    72.0      15.482      109.7       
1040    1.3     69.17     3479.0    1590.6    72.0      16.782      109.8       
1760    1.0     69.21     4526.0    2070.6    72.0      12.908      109.8       
900     1.4     69.29     3236.0    1482.4    72.0      18.068      109.8       
1460    1.1     69.34     4122.0    1889.4    72.0      14.156      109.4       
1770    1.0     69.41     4539.0    2082.4    72.0      12.875      109.5       
1230    1.2     69.43     3783.0    1736.5    72.0      15.422      109.3       
1050    1.3     69.5      3496.0    1605.9    72.0      16.705      109.3       
1470    1.1     69.58     4136.0    1902.4    72.0      14.112      109.1       
1780    1.0     69.61     4551.0    2094.1    72.0      12.842      109.2       
910     1.4     69.68     3254.0    1498.8    72.0      17.971      109.2       
1240    1.2     69.72     3799.0    1750.6    72.0      15.364      108.9       
1790    1.0     69.8      4564.0    2105.9    72.0      12.81       108.9       
1480    1.1     69.82     4150.0    1915.3    72.0      14.068      108.8       
1060    1.3     69.83     3512.0    1621.2    72.0      16.63       108.8       
1800    1.0     70.0      4577.0    2117.6    72.0      12.777      108.7       
1250    1.2     70.0      3814.0    1764.7    72.0      15.306      108.5       
800     1.5     70.0      3051.0    1411.8    72.0      19.207      108.9       
1490    1.1     70.05     4164.0    1928.2    72.0      14.024      108.4       
920     1.4     70.06     3272.0    1515.3    72.0      17.877      108.6       
1070    1.3     70.16     3529.0    1636.5    72.0      16.556      108.3       
1810    1.0     70.19     4590.0    2129.4    72.0      12.746      108.4       
1260    1.2     70.28     3829.0    1778.8    72.0      15.249      108.1       
1500    1.1     70.29     4178.0    1941.2    72.0      13.981      108.1       
1820    1.0     70.38     4602.0    2141.2    72.0      12.714      108.1       
810     1.5     70.43     3070.0    1429.4    72.0      19.09       108.2       
930     1.4     70.44     3290.0    1531.8    72.0      17.784      108.0       
1080    1.3     70.48     3545.0    1651.8    72.0      16.483      107.8       
1510    1.1     70.52     4192.0    1954.1    72.0      13.939      107.8       
1270    1.2     70.55     3845.0    1792.9    72.0      15.193      107.7       
1830    1.0     70.58     4615.0    2152.9    72.0      12.683      107.9       
1520    1.1     70.75     4206.0    1967.1    72.0      13.897      107.4       
1840    1.0     70.77     4628.0    2164.7    72.0      12.652      107.6       
1090    1.3     70.81     3562.0    1667.1    72.0      16.411      107.4       
940     1.4     70.82     3308.0    1548.2    72.0      17.692      107.5       
1280    1.2     70.83     3860.0    1807.1    72.0      15.138      107.3       
820     1.5     70.87     3089.0    1447.1    72.0      18.976      107.6       
1850    1.0     70.96     4640.0    2176.5    72.0      12.621      107.3       
1530    1.1     70.99     4220.0    1980.0    72.0      13.855      107.1       
1290    1.2     71.11     3875.0    1821.2    72.0      15.083      106.9       
1100    1.3     71.13     3578.0    1682.4    72.0      16.34       106.9       
1860    1.0     71.15     4653.0    2188.2    72.0      12.591      107.1       
950     1.4     71.19     3325.0    1564.7    72.0      17.603      106.9       
1540    1.1     71.22     4234.0    1992.9    72.0      13.814      106.8       
830     1.5     71.3      3108.0    1464.7    72.0      18.865      107.0       
1870    1.0     71.34     4665.0    2200.0    72.0      12.561      106.8       
1300    1.2     71.38     3890.0    1835.3    72.0      15.029      106.5       
1550    1.1     71.45     4247.0    2005.9    72.0      13.773      106.5       
1110    1.3     71.46     3594.0    1697.6    72.0      16.27       106.4       
1880    1.0     71.53     4678.0    2211.8    72.0      12.531      106.6       
960     1.4     71.56     3343.0    1581.2    72.0      17.514      106.4       
1310    1.2     71.66     3905.0    1849.4    72.0      14.975      106.1       
1560    1.1     71.68     4261.0    2018.8    72.0      13.733      106.2       
1890    1.0     71.72     4690.0    2223.5    72.0      12.501      106.3       
840     1.5     71.72     3127.0    1482.4    72.0      18.755      106.3       
1120    1.3     71.78     3610.0    1712.9    72.0      16.201      106.0       
1570    1.1     71.91     4275.0    2031.8    72.0      13.693      105.9       
1900    1.0     71.91     4702.0    2235.3    72.0      12.472      106.1       
1320    1.2     71.93     3919.0    1863.5    72.0      14.922      105.8       
970     1.4     71.94     3360.0    1597.6    72.0      17.428      105.9       
1130    1.3     72.1      3626.0    1728.2    72.0      16.134      105.5       
1910    1.0     72.1      4715.0    2247.1    72.0      12.443      105.8       
1580    1.1     72.14     4288.0    2044.7    72.0      13.653      105.6       
850     1.5     72.15     3145.0    1500.0    72.0      18.648      105.7       
1330    1.2     72.2      3934.0    1877.6    72.0      14.87       105.4       
1920    1.0     72.29     4727.0    2258.8    72.0      12.414      105.6       
980     1.4     72.31     3377.0    1614.1    72.0      17.342      105.3       
1590    1.1     72.36     4302.0    2057.6    72.0      13.614      105.3       
1140    1.3     72.42     3642.0    1743.5    72.0      16.067      105.1       
1340    1.2     72.47     3949.0    1891.8    72.0      14.819      105.0       
1930    1.0     72.48     4739.0    2270.6    72.0      12.385      105.3       
860     1.5     72.57     3164.0    1517.6    72.0      18.542      105.1       
1600    1.1     72.59     4315.0    2070.6    72.0      13.576      105.0       
1940    1.0     72.67     4752.0    2282.4    72.0      12.357      105.1       
990     1.4     72.67     3394.0    1630.6    72.0      17.258      104.8       
1150    1.3     72.73     3658.0    1758.8    72.0      16.001      104.7       
1350    1.2     72.74     3964.0    1905.9    72.0      14.768      104.7       
1610    1.1     72.82     4329.0    2083.5    72.0      13.537      104.7       
1950    1.0     72.85     4764.0    2294.1    72.0      12.329      104.8       
870     1.5     72.99     3182.0    1535.3    72.0      18.439      104.5       
1360    1.2     73.01     3978.0    1920.0    72.0      14.718      104.3       
1960    1.0     73.04     4776.0    2305.9    72.0      12.301      104.6       
1000    1.4     73.04     3411.0    1647.1    72.0      17.176      104.3       
1620    1.1     73.04     4342.0    2096.5    72.0      13.499      104.4       
1160    1.3     73.05     3674.0    1774.1    72.0      15.936      104.3       
1970    1.0     73.23     4788.0    2317.6    72.0      12.273      104.4       
1630    1.1     73.27     4355.0    2109.4    72.0      13.462      104.1       
1370    1.2     73.28     3993.0    1934.1    72.0      14.668      104.0       
1170    1.3     73.36     3690.0    1789.4    72.0      15.872      103.8       
1010    1.4     73.4      3428.0    1663.5    72.0      17.095      103.8       
1980    1.0     73.41     4800.0    2329.4    72.0      12.246      104.1       
880     1.5     73.41     3200.0    1552.9    72.0      18.337      104.0       
1640    1.1     73.49     4369.0    2122.4    72.0      13.425      103.8       
1380    1.2     73.55     4008.0    1948.2    72.0      14.619      103.6       
1990    1.0     73.6      4812.0    2341.2    72.0      12.218      103.9       
1180    1.3     73.67     3706.0    1804.7    72.0      15.809      103.4       
1650    1.1     73.72     4382.0    2135.3    72.0      13.388      103.5       
1020    1.4     73.77     3445.0    1680.0    72.0      17.015      103.4       
2000    1.0     73.78     4825.0    2352.9    72.0      12.191      103.7       
1390    1.2     73.81     4022.0    1962.4    72.0      14.571      103.3       
890     1.5     73.83     3218.0    1570.6    72.0      18.238      103.4       
1660    1.1     73.94     4395.0    2148.2    72.0      13.352      103.2       
1190    1.3     73.99     3721.0    1820.0    72.0      15.747      103.0       
1400    1.2     74.08     4036.0    1976.5    72.0      14.523      102.9       
1030    1.4     74.13     3462.0    1696.5    72.0      16.936      102.9       
1670    1.1     74.16     4409.0    2161.2    72.0      13.316      102.9       
900     1.5     74.24     3236.0    1588.2    72.0      18.14       102.8       
1200    1.3     74.3      3737.0    1835.3    72.0      15.685      102.6       
1410    1.2     74.34     4051.0    1990.6    72.0      14.475      102.6       
1680    1.1     74.38     4422.0    2174.1    72.0      13.28       102.7       
1040    1.4     74.49     3479.0    1712.9    72.0      16.859      102.4       
1420    1.2     74.6      4065.0    2004.7    72.0      14.429      102.3       
1690    1.1     74.61     4435.0    2187.1    72.0      13.244      102.4       
1210    1.3     74.61     3753.0    1850.6    72.0      15.625      102.2       
910     1.5     74.65     3254.0    1605.9    72.0      18.044      102.3       
800     1.6     74.66     3051.0    1505.9    72.0      19.275      102.5       
1700    1.1     74.83     4448.0    2200.0    72.0      13.209      102.1       
1050    1.4     74.84     3496.0    1729.4    72.0      16.783      101.9       
1430    1.2     74.87     4080.0    2018.8    72.0      14.382      101.9       
1220    1.3     74.91     3768.0    1865.9    72.0      15.565      101.8       
1710    1.1     75.05     4461.0    2212.9    72.0      13.175      101.9       
920     1.5     75.06     3272.0    1623.5    72.0      17.95       101.8       
1440    1.2     75.13     4094.0    2032.9    72.0      14.337      101.6       
810     1.6     75.13     3070.0    1524.7    72.0      19.159      101.8       
1060    1.4     75.2      3512.0    1745.9    72.0      16.708      101.5       
1230    1.3     75.22     3783.0    1881.2    72.0      15.506      101.4       
1720    1.1     75.26     4474.0    2225.9    72.0      13.14       101.6       
1450    1.2     75.39     4108.0    2047.1    72.0      14.292      101.3       
930     1.5     75.47     3290.0    1641.2    72.0      17.857      101.2       
1730    1.1     75.48     4487.0    2238.8    72.0      13.106      101.3       
1240    1.3     75.52     3799.0    1896.5    72.0      15.448      101.1       
1070    1.4     75.55     3529.0    1762.4    72.0      16.634      101.0       
820     1.6     75.59     3089.0    1543.5    72.0      19.045      101.2       
1460    1.2     75.65     4122.0    2061.2    72.0      14.247      101.0       
1740    1.1     75.7      4500.0    2251.8    72.0      13.073      101.1       
1250    1.3     75.83     3814.0    1911.8    72.0      15.39       100.7       
940     1.5     75.87     3308.0    1658.8    72.0      17.766      100.7       
1080    1.4     75.91     3545.0    1778.8    72.0      16.561      100.6       
1470    1.2     75.91     4136.0    2075.3    72.0      14.203      100.7       
1750    1.1     75.92     4513.0    2264.7    72.0      13.039      100.8       
830     1.6     76.05     3108.0    1562.4    72.0      18.934      100.6       
1260    1.3     76.13     3829.0    1927.1    72.0      15.334      100.3       
1760    1.1     76.14     4526.0    2277.6    72.0      13.006      100.6       
1480    1.2     76.16     4150.0    2089.4    72.0      14.159      100.3       
1090    1.4     76.26     3562.0    1795.3    72.0      16.49       100.2       
950     1.5     76.28     3325.0    1676.5    72.0      17.677      100.2       
1770    1.1     76.35     4539.0    2290.6    72.0      12.974      100.3       
1490    1.2     76.42     4164.0    2103.5    72.0      14.116      100.0       
1270    1.3     76.43     3845.0    1942.4    72.0      15.278      99.9        
840     1.6     76.51     3127.0    1581.2    72.0      18.825      100.1       
1780    1.1     76.57     4551.0    2303.5    72.0      12.941      100.1       
1100    1.4     76.61     3578.0    1811.8    72.0      16.419      99.7        
1500    1.2     76.68     4178.0    2117.6    72.0      14.073      99.7        
960     1.5     76.68     3343.0    1694.1    72.0      17.589      99.7        
1280    1.3     76.73     3860.0    1957.6    72.0      15.223      99.6        
1790    1.1     76.78     4564.0    2316.5    72.0      12.909      99.8        
1510    1.2     76.93     4192.0    2131.8    72.0      14.031      99.4        
1110    1.4     76.95     3594.0    1828.2    72.0      16.35       99.3        
850     1.6     76.96     3145.0    1600.0    72.0      18.718      99.5        
1800    1.1     77.0      4577.0    2329.4    72.0      12.877      99.6        
1290    1.3     77.03     3875.0    1972.9    72.0      15.168      99.2        
970     1.5     77.07     3360.0    1711.8    72.0      17.502      99.2        
1520    1.2     77.19     4206.0    2145.9    72.0      13.989      99.1        
1810    1.1     77.21     4590.0    2342.4    72.0      12.846      99.3        
1120    1.4     77.3      3610.0    1844.7    72.0      16.281      98.9        
1300    1.3     77.33     3890.0    1988.2    72.0      15.114      98.9        
860     1.6     77.41     3164.0    1618.8    72.0      18.613      98.9        
1820    1.1     77.42     4602.0    2355.3    72.0      12.814      99.1        
1530    1.2     77.44     4220.0    2160.0    72.0      13.948      98.8        
980     1.5     77.47     3377.0    1729.4    72.0      17.417      98.7        
1310    1.3     77.63     3905.0    2003.5    72.0      15.061      98.5        
1830    1.1     77.63     4615.0    2368.2    72.0      12.783      98.8        
1130    1.4     77.64     3626.0    1861.2    72.0      16.214      98.5        
1540    1.2     77.69     4234.0    2174.1    72.0      13.907      98.6        
1840    1.1     77.85     4628.0    2381.2    72.0      12.753      98.6        
870     1.6     77.86     3182.0    1637.6    72.0      18.51       98.4        
990     1.5     77.87     3394.0    1747.1    72.0      17.334      98.3        
1320    1.3     77.92     3919.0    2018.8    72.0      15.009      98.2        
1550    1.2     77.94     4247.0    2188.2    72.0      13.866      98.3        
1140    1.4     77.99     3642.0    1877.6    72.0      16.147      98.1        
1850    1.1     78.06     4640.0    2394.1    72.0      12.722      98.4        
1560    1.2     78.2      4261.0    2202.4    72.0      13.826      98.0        
1330    1.3     78.22     3934.0    2034.1    72.0      14.957      97.8        
1000    1.5     78.26     3411.0    1764.7    72.0      17.252      97.8        
1860    1.1     78.27     4653.0    2407.1    72.0      12.692      98.1        
880     1.6     78.31     3200.0    1656.5    72.0      18.409      97.8        
1150    1.4     78.33     3658.0    1894.1    72.0      16.082      97.7        
1570    1.2     78.45     4275.0    2216.5    72.0      13.786      97.7        
1870    1.1     78.48     4665.0    2420.0    72.0      12.662      97.9        
1340    1.3     78.51     3949.0    2049.4    72.0      14.906      97.5        
1010    1.5     78.65     3428.0    1782.4    72.0      17.171      97.4        
1160    1.4     78.67     3674.0    1910.6    72.0      16.017      97.3        
1880    1.1     78.69     4678.0    2432.9    72.0      12.633      97.7        
1580    1.2     78.69     4288.0    2230.6    72.0      13.747      97.4        
890     1.6     78.75     3218.0    1675.3    72.0      18.31       97.3        
1350    1.3     78.8      3964.0    2064.7    72.0      14.855      97.2        
1890    1.1     78.9      4690.0    2445.9    72.0      12.603      97.4        
1590    1.2     78.94     4302.0    2244.7    72.0      13.708      97.2        
1170    1.4     79.01     3690.0    1927.1    72.0      15.953      96.9        
1020    1.5     79.04     3445.0    1800.0    72.0      17.091      96.9        
1360    1.3     79.09     3978.0    2080.0    72.0      14.805      96.9        
1900    1.1     79.11     4702.0    2458.8    72.0      12.574      97.2        
1600    1.2     79.19     4315.0    2258.8    72.0      13.67       96.9        
900     1.6     79.19     3236.0    1694.1    72.0      18.212      96.8        
1910    1.1     79.31     4715.0    2471.8    72.0      12.545      97.0        
800     1.7     79.33     3051.0    1600.0    72.0      19.343      96.8        
1180    1.4     79.34     3706.0    1943.5    72.0      15.891      96.5        
1370    1.3     79.39     3993.0    2095.3    72.0      14.756      96.5        
1030    1.5     79.42     3462.0    1817.6    72.0      17.013      96.5        
1610    1.2     79.44     4329.0    2272.9    72.0      13.632      96.6        
1920    1.1     79.52     4727.0    2484.7    72.0      12.517      96.8        
910     1.6     79.63     3254.0    1712.9    72.0      18.117      96.3        
1380    1.3     79.67     4008.0    2110.6    72.0      14.707      96.2        
1190    1.4     79.68     3721.0    1960.0    72.0      15.829      96.2        
1620    1.2     79.68     4342.0    2287.1    72.0      13.594      96.3        
1930    1.1     79.73     4739.0    2497.6    72.0      12.488      96.6        
1040    1.5     79.81     3479.0    1835.3    72.0      16.936      96.0        
810     1.7     79.82     3070.0    1620.0    72.0      19.228      96.2        
1630    1.2     79.93     4355.0    2301.2    72.0      13.557      96.1        
1940    1.1     79.93     4752.0    2510.6    72.0      12.46       96.3        
1390    1.3     79.96     4022.0    2125.9    72.0      14.659      95.9        
1200    1.4     80.01     3737.0    1976.5    72.0      15.768      95.8        
920     1.6     80.07     3272.0    1731.8    72.0      18.023      95.8        
1950    1.1     80.14     4764.0    2523.5    72.0      12.432      96.1        
1640    1.2     80.17     4369.0    2315.3    72.0      13.52       95.8        
1050    1.5     80.19     3496.0    1852.9    72.0      16.86       95.6        
1400    1.3     80.25     4036.0    2141.2    72.0      14.611      95.6        
820     1.7     80.31     3089.0    1640.0    72.0      19.115      95.6        
1960    1.1     80.34     4776.0    2536.5    72.0      12.405      95.9        
1210    1.4     80.34     3753.0    1992.9    72.0      15.707      95.4        
1650    1.2     80.42     4382.0    2329.4    72.0      13.484      95.6        
930     1.6     80.5      3290.0    1750.6    72.0      17.93       95.3        
1410    1.3     80.54     4051.0    2156.5    72.0      14.564      95.3        
1970    1.1     80.55     4788.0    2549.4    72.0      12.377      95.7        
1060    1.5     80.57     3512.0    1870.6    72.0      16.786      95.2        
1660    1.2     80.66     4395.0    2343.5    72.0      13.448      95.3        
1220    1.4     80.68     3768.0    2009.4    72.0      15.648      95.1        
1980    1.1     80.75     4800.0    2562.4    72.0      12.35       95.5        
830     1.7     80.8      3108.0    1660.0    72.0      19.004      95.1        
1420    1.3     80.82     4065.0    2171.8    72.0      14.518      95.0        
1670    1.2     80.9      4409.0    2357.6    72.0      13.412      95.1        
940     1.6     80.93     3308.0    1769.4    72.0      17.84       94.8        
1070    1.5     80.95     3529.0    1888.2    72.0      16.712      94.8        
1990    1.1     80.96     4812.0    2575.3    72.0      12.323      95.3        
1230    1.4     81.01     3783.0    2025.9    72.0      15.589      94.7        
1430    1.3     81.1      4080.0    2187.1    72.0      14.472      94.7        
1680    1.2     81.15     4422.0    2371.8    72.0      13.376      94.8        
2000    1.1     81.16     4825.0    2588.2    72.0      12.296      95.1        
840     1.7     81.29     3127.0    1680.0    72.0      18.895      94.5        
1080    1.5     81.33     3545.0    1905.9    72.0      16.64       94.3        
1240    1.4     81.33     3799.0    2042.4    72.0      15.532      94.3        
950     1.6     81.36     3325.0    1788.2    72.0      17.751      94.3        
1440    1.3     81.39     4094.0    2202.4    72.0      14.427      94.4        
1690    1.2     81.39     4435.0    2385.9    72.0      13.341      94.6        
1700    1.2     81.63     4448.0    2400.0    72.0      13.307      94.3        
1250    1.4     81.66     3814.0    2058.8    72.0      15.474      94.0        
1450    1.3     81.67     4108.0    2217.6    72.0      14.382      94.1        
1090    1.5     81.7      3562.0    1923.5    72.0      16.569      93.9        
850     1.7     81.77     3145.0    1700.0    72.0      18.788      94.0        
960     1.6     81.79     3343.0    1807.1    72.0      17.663      93.9        
1710    1.2     81.87     4461.0    2414.1    72.0      13.272      94.1        
1460    1.3     81.95     4122.0    2232.9    72.0      14.337      93.8        
1260    1.4     81.99     3829.0    2075.3    72.0      15.418      93.7        
1100    1.5     82.08     3578.0    1941.2    72.0      16.498      93.5        
1720    1.2     82.11     4474.0    2428.2    72.0      13.238      93.8        
970     1.6     82.21     3360.0    1825.9    72.0      17.577      93.4        
1470    1.3     82.23     4136.0    2248.2    72.0      14.293      93.5        
860     1.7     82.25     3164.0    1720.0    72.0      18.684      93.5        
1270    1.4     82.31     3845.0    2091.8    72.0      15.363      93.3        
1730    1.2     82.35     4487.0    2442.4    72.0      13.204      93.6        
1110    1.5     82.45     3594.0    1958.8    72.0      16.429      93.1        
1480    1.3     82.51     4150.0    2263.5    72.0      14.25       93.2        
1740    1.2     82.58     4500.0    2456.5    72.0      13.171      93.3        
1280    1.4     82.64     3860.0    2108.2    72.0      15.308      93.0        
980     1.6     82.64     3377.0    1844.7    72.0      17.492      93.0        
870     1.7     82.73     3182.0    1740.0    72.0      18.581      93.0        
1490    1.3     82.79     4164.0    2278.8    72.0      14.207      92.9        
1750    1.2     82.82     4513.0    2470.6    72.0      13.138      93.1        
1120    1.5     82.82     3610.0    1976.5    72.0      16.361      92.8        
1290    1.4     82.96     3875.0    2124.7    72.0      15.253      92.7        
1760    1.2     83.06     4526.0    2484.7    72.0      13.105      92.9        
990     1.6     83.06     3394.0    1863.5    72.0      17.409      92.5        
1500    1.3     83.07     4178.0    2294.1    72.0      14.165      92.7        
1130    1.5     83.19     3626.0    1994.1    72.0      16.294      92.4        
880     1.7     83.2      3200.0    1760.0    72.0      18.48       92.4        
1300    1.4     83.28     3890.0    2141.2    72.0      15.2        92.3        
1770    1.2     83.29     4539.0    2498.8    72.0      13.073      92.6        
1510    1.3     83.34     4192.0    2309.4    72.0      14.123      92.4        
1000    1.6     83.47     3411.0    1882.4    72.0      17.327      92.1        
1780    1.2     83.53     4551.0    2512.9    72.0      13.04       92.4        
1140    1.5     83.56     3642.0    2011.8    72.0      16.228      92.0        
1310    1.4     83.6      3905.0    2157.6    72.0      15.147      92.0        
1520    1.3     83.62     4206.0    2324.7    72.0      14.081      92.1        
890     1.7     83.67     3218.0    1780.0    72.0      18.381      92.0        
1790    1.2     83.76     4564.0    2527.1    72.0      13.009      92.2        
1010    1.6     83.89     3428.0    1901.2    72.0      17.247      91.7        
1530    1.3     83.89     4220.0    2340.0    72.0      14.04       91.8        
1320    1.4     83.92     3919.0    2174.1    72.0      15.095      91.7        
1150    1.5     83.92     3658.0    2029.4    72.0      16.163      91.6        
1800    1.2     83.99     4577.0    2541.2    72.0      12.977      92.0        
800     1.8     83.99     3051.0    1694.1    72.0      19.412      91.7        
900     1.7     84.14     3236.0    1800.0    72.0      18.284      91.5        
1540    1.3     84.17     4234.0    2355.3    72.0      13.999      91.6        
1810    1.2     84.23     4590.0    2555.3    72.0      12.946      91.7        
1330    1.4     84.23     3934.0    2190.6    72.0      15.044      91.4        
1160    1.5     84.29     3674.0    2047.1    72.0      16.098      91.3        
1020    1.6     84.31     3445.0    1920.0    72.0      17.168      91.3        
1550    1.3     84.44     4247.0    2370.6    72.0      13.959      91.3        
1820    1.2     84.46     4602.0    2569.4    72.0      12.915      91.5        
810     1.8     84.52     3070.0    1715.3    72.0      19.297      91.2        
1340    1.4     84.55     3949.0    2207.1    72.0      14.993      91.1        
910     1.7     84.61     3254.0    1820.0    72.0      18.189      91.0        
1170    1.5     84.65     3690.0    2064.7    72.0      16.035      90.9        
1830    1.2     84.69     4615.0    2583.5    72.0      12.884      91.3        
1560    1.3     84.71     4261.0    2385.9    72.0      13.919      91.1        
1030    1.6     84.72     3462.0    1938.8    72.0      17.09       90.8        
1350    1.4     84.87     3964.0    2223.5    72.0      14.942      90.8        
1840    1.2     84.92     4628.0    2597.6    72.0      12.853      91.1        
1570    1.3     84.98     4275.0    2401.2    72.0      13.88       90.8        
1180    1.5     85.01     3706.0    2082.4    72.0      15.973      90.6        
820     1.8     85.04     3089.0    1736.5    72.0      19.184      90.6        
920     1.7     85.07     3272.0    1840.0    72.0      18.096      90.5        
1040    1.6     85.13     3479.0    1957.6    72.0      17.013      90.4        
1850    1.2     85.15     4640.0    2611.8    72.0      12.823      90.9        
1360    1.4     85.18     3978.0    2240.0    72.0      14.893      90.5        
1580    1.3     85.25     4288.0    2416.5    72.0      13.841      90.5        
1190    1.5     85.37     3721.0    2100.0    72.0      15.911      90.2        
1860    1.2     85.38     4653.0    2625.9    72.0      12.793      90.7        
1370    1.4     85.49     3993.0    2256.5    72.0      14.844      90.2        
1590    1.3     85.52     4302.0    2431.8    72.0      13.803      90.3        
930     1.7     85.53     3290.0    1860.0    72.0      18.004      90.1        
1050    1.6     85.54     3496.0    1976.5    72.0      16.938      90.0        
830     1.8     85.56     3108.0    1757.6    72.0      19.073      90.1        
1870    1.2     85.61     4665.0    2640.0    72.0      12.764      90.5        
1200    1.5     85.73     3737.0    2117.6    72.0      15.85       89.9        
1600    1.3     85.79     4315.0    2447.1    72.0      13.764      90.0        
1380    1.4     85.8      4008.0    2272.9    72.0      14.795      89.9        
1880    1.2     85.84     4678.0    2654.1    72.0      12.734      90.2        
1060    1.6     85.94     3512.0    1995.3    72.0      16.864      89.6        
940     1.7     85.99     3308.0    1880.0    72.0      17.913      89.6        
1610    1.3     86.06     4329.0    2462.4    72.0      13.727      89.8        
1890    1.2     86.07     4690.0    2668.2    72.0      12.705      90.0        
840     1.8     86.07     3127.0    1778.8    72.0      18.965      89.6        
1210    1.5     86.08     3753.0    2135.3    72.0      15.79       89.5        
1390    1.4     86.11     4022.0    2289.4    72.0      14.747      89.6        
1900    1.2     86.3      4702.0    2682.4    72.0      12.676      89.8        
1620    1.3     86.32     4342.0    2477.6    72.0      13.689      89.6        
1070    1.6     86.35     3529.0    2014.1    72.0      16.79       89.2        
1400    1.4     86.42     4036.0    2305.9    72.0      14.7        89.3        
1220    1.5     86.44     3768.0    2152.9    72.0      15.731      89.2        
950     1.7     86.45     3325.0    1900.0    72.0      17.825      89.2        
1910    1.2     86.52     4715.0    2696.5    72.0      12.648      89.6        
850     1.8     86.58     3145.0    1800.0    72.0      18.859      89.1        
1630    1.3     86.59     4355.0    2492.9    72.0      13.652      89.3        
1410    1.4     86.73     4051.0    2322.4    72.0      14.653      89.0        
1920    1.2     86.75     4727.0    2710.6    72.0      12.619      89.4        
1080    1.6     86.75     3545.0    2032.9    72.0      16.718      88.9        
1230    1.5     86.79     3783.0    2170.6    72.0      15.673      88.9        
1640    1.3     86.86     4369.0    2508.2    72.0      13.616      89.1        
960     1.7     86.9      3343.0    1920.0    72.0      17.738      88.7        
1930    1.2     86.98     4739.0    2724.7    72.0      12.591      89.2        
1420    1.4     87.04     4065.0    2338.8    72.0      14.607      88.7        
860     1.8     87.09     3164.0    1821.2    72.0      18.754      88.6        
1650    1.3     87.12     4382.0    2523.5    72.0      13.58       88.8        
1240    1.5     87.14     3799.0    2188.2    72.0      15.615      88.5        
1090    1.6     87.15     3562.0    2051.8    72.0      16.647      88.5        
1940    1.2     87.2      4752.0    2738.8    72.0      12.563      89.0        
1430    1.4     87.34     4080.0    2355.3    72.0      14.562      88.5        
970     1.7     87.35     3360.0    1940.0    72.0      17.652      88.3        
1660    1.3     87.38     4395.0    2538.8    72.0      13.544      88.6        
1950    1.2     87.42     4764.0    2752.9    72.0      12.536      88.8        
1250    1.5     87.49     3814.0    2205.9    72.0      15.559      88.2        
1100    1.6     87.55     3578.0    2070.6    72.0      16.578      88.1        
870     1.8     87.59     3182.0    1842.4    72.0      18.652      88.1        
1670    1.3     87.65     4409.0    2554.1    72.0      13.508      88.4        
1960    1.2     87.65     4776.0    2767.1    72.0      12.508      88.6        
1440    1.4     87.65     4094.0    2371.8    72.0      14.516      88.2        
980     1.7     87.8      3377.0    1960.0    72.0      17.568      87.9        
1260    1.5     87.84     3829.0    2223.5    72.0      15.503      87.9        
1970    1.2     87.87     4788.0    2781.2    72.0      12.481      88.5        
1680    1.3     87.91     4422.0    2569.4    72.0      13.473      88.1        
1110    1.6     87.95     3594.0    2089.4    72.0      16.509      87.7        
1450    1.4     87.95     4108.0    2388.2    72.0      14.472      87.9        
1980    1.2     88.09     4800.0    2795.3    72.0      12.454      88.3        
880     1.8     88.09     3200.0    1863.5    72.0      18.552      87.7        
1690    1.3     88.17     4435.0    2584.7    72.0      13.438      87.9        
1270    1.5     88.19     3845.0    2241.2    72.0      15.447      87.6        
990     1.7     88.25     3394.0    1980.0    72.0      17.485      87.5        
1460    1.4     88.26     4122.0    2404.7    72.0      14.428      87.6        
1990    1.2     88.32     4812.0    2809.4    72.0      12.428      88.1        
1120    1.6     88.34     3610.0    2108.2    72.0      16.441      87.4        
1700    1.3     88.43     4448.0    2600.0    72.0      13.404      87.7        
1280    1.5     88.54     3860.0    2258.8    72.0      15.393      87.3        
2000    1.2     88.54     4825.0    2823.5    72.0      12.401      87.9        
1470    1.4     88.56     4136.0    2421.2    72.0      14.384      87.4        
890     1.8     88.59     3218.0    1884.7    72.0      18.453      87.2        
800     1.9     88.66     3051.0    1788.2    72.0      19.48       87.2        
1710    1.3     88.69     4461.0    2615.3    72.0      13.37       87.5        
1000    1.7     88.69     3411.0    2000.0    72.0      17.403      87.1        
1130    1.6     88.73     3626.0    2127.1    72.0      16.374      87.0        
1480    1.4     88.86     4150.0    2437.6    72.0      14.341      87.1        
1290    1.5     88.88     3875.0    2276.5    72.0      15.339      87.0        
1720    1.3     88.95     4474.0    2630.6    72.0      13.336      87.2        
900     1.8     89.09     3236.0    1905.9    72.0      18.357      86.7        
1140    1.6     89.13     3642.0    2145.9    72.0      16.308      86.7        
1010    1.7     89.13     3428.0    2020.0    72.0      17.323      86.7        
1490    1.4     89.16     4164.0    2454.1    72.0      14.298      86.9        
1730    1.3     89.21     4487.0    2645.9    72.0      13.302      87.0        
810     1.9     89.21     3070.0    1810.6    72.0      19.366      86.7        
1300    1.5     89.23     3890.0    2294.1    72.0      15.286      86.7        
1500    1.4     89.46     4178.0    2470.6    72.0      14.256      86.6        
1740    1.3     89.47     4500.0    2661.2    72.0      13.269      86.8        
1150    1.6     89.52     3658.0    2164.7    72.0      16.244      86.3        
1310    1.5     89.57     3905.0    2311.8    72.0      15.233      86.4        
1020    1.7     89.57     3445.0    2040.0    72.0      17.244      86.3        
910     1.8     89.58     3254.0    1927.1    72.0      18.262      86.3        
1750    1.3     89.72     4513.0    2676.5    72.0      13.236      86.6        
1510    1.4     89.75     4192.0    2487.1    72.0      14.214      86.3        
820     1.9     89.76     3089.0    1832.9    72.0      19.253      86.2        
1160    1.6     89.91     3674.0    2183.5    72.0      16.18       86.0        
1320    1.5     89.91     3919.0    2329.4    72.0      15.181      86.1        
1760    1.3     89.98     4526.0    2691.8    72.0      13.204      86.4        
1030    1.7     90.01     3462.0    2060.0    72.0      17.167      85.9        
1520    1.4     90.05     4206.0    2503.5    72.0      14.173      86.1        
920     1.8     90.07     3272.0    1948.2    72.0      18.169      85.8        
1770    1.3     90.23     4539.0    2707.1    72.0      13.172      86.2        
1330    1.5     90.25     3934.0    2347.1    72.0      15.13       85.8        
1170    1.6     90.29     3690.0    2202.4    72.0      16.117      85.7        
830     1.9     90.31     3108.0    1855.3    72.0      19.143      85.7        
1530    1.4     90.35     4220.0    2520.0    72.0      14.132      85.8        
1040    1.7     90.45     3479.0    2080.0    72.0      17.09       85.5        
1780    1.3     90.49     4551.0    2722.4    72.0      13.14       86.0        
930     1.8     90.56     3290.0    1969.4    72.0      18.077      85.4        
1340    1.5     90.59     3949.0    2364.7    72.0      15.08       85.5        
1540    1.4     90.64     4234.0    2536.5    72.0      14.092      85.6        
1180    1.6     90.68     3706.0    2221.2    72.0      16.054      85.3        
1790    1.3     90.74     4564.0    2737.6    72.0      13.108      85.8        
840     1.9     90.85     3127.0    1877.6    72.0      19.035      85.2        
1050    1.7     90.88     3496.0    2100.0    72.0      17.015      85.1        
1350    1.5     90.93     3964.0    2382.4    72.0      15.03       85.2        
1550    1.4     90.93     4247.0    2552.9    72.0      14.052      85.4        
1800    1.3     90.99     4577.0    2752.9    72.0      13.077      85.5        
940     1.8     91.05     3308.0    1990.6    72.0      17.987      85.0        
1190    1.6     91.06     3721.0    2240.0    72.0      15.993      85.0        
1560    1.4     91.23     4261.0    2569.4    72.0      14.013      85.1        
1810    1.3     91.25     4590.0    2768.2    72.0      13.046      85.3        
1360    1.5     91.26     3978.0    2400.0    72.0      14.98       84.9        
1060    1.7     91.31     3512.0    2120.0    72.0      16.941      84.8        
850     1.9     91.39     3145.0    1900.0    72.0      18.929      84.7        
1200    1.6     91.44     3737.0    2258.8    72.0      15.933      84.7        
1820    1.3     91.5      4602.0    2783.5    72.0      13.015      85.1        
1570    1.4     91.52     4275.0    2585.9    72.0      13.974      84.9        
950     1.8     91.53     3325.0    2011.8    72.0      17.899      84.6        
1370    1.5     91.6      3993.0    2417.6    72.0      14.932      84.7        
1070    1.7     91.74     3529.0    2140.0    72.0      16.869      84.4        
1830    1.3     91.75     4615.0    2798.8    72.0      12.984      84.9        
1580    1.4     91.81     4288.0    2602.4    72.0      13.935      84.6        
1210    1.6     91.82     3753.0    2277.6    72.0      15.873      84.4        
860     1.9     91.93     3164.0    1922.4    72.0      18.825      84.3        
1380    1.5     91.93     4008.0    2435.3    72.0      14.883      84.4        
1840    1.3     92.0      4628.0    2814.1    72.0      12.954      84.7        
960     1.8     92.01     3343.0    2032.9    72.0      17.812      84.2        
1590    1.4     92.1      4302.0    2618.8    72.0      13.897      84.4        
1080    1.7     92.17     3545.0    2160.0    72.0      16.797      84.0        
1220    1.6     92.2      3768.0    2296.5    72.0      15.814      84.1        
1850    1.3     92.25     4640.0    2829.4    72.0      12.924      84.5        
1390    1.5     92.26     4022.0    2452.9    72.0      14.836      84.1        
1600    1.4     92.39     4315.0    2635.3    72.0      13.859      84.2        
870     1.9     92.46     3182.0    1944.7    72.0      18.723      83.8        
970     1.8     92.49     3360.0    2054.1    72.0      17.727      83.8        
1860    1.3     92.5      4653.0    2844.7    72.0      12.895      84.4        
1230    1.6     92.58     3783.0    2315.3    72.0      15.756      83.7        
1400    1.5     92.6      4036.0    2470.6    72.0      14.789      83.8        
1090    1.7     92.6      3562.0    2180.0    72.0      16.726      83.7        
1610    1.4     92.68     4329.0    2651.8    72.0      13.821      84.0        
1870    1.3     92.75     4665.0    2860.0    72.0      12.865      84.2        
1410    1.5     92.93     4051.0    2488.2    72.0      14.742      83.6        
1240    1.6     92.95     3799.0    2334.1    72.0      15.699      83.4        
1620    1.4     92.97     4342.0    2668.2    72.0      13.784      83.7        
980     1.8     92.97     3377.0    2075.3    72.0      17.643      83.4        
880     1.9     92.99     3200.0    1967.1    72.0      18.623      83.4        
1880    1.3     92.99     4678.0    2875.3    72.0      12.836      84.0        
1100    1.7     93.02     3578.0    2200.0    72.0      16.657      83.3        
1890    1.3     93.24     4690.0    2890.6    72.0      12.807      83.8        
1630    1.4     93.25     4355.0    2684.7    72.0      13.748      83.5        
1420    1.5     93.25     4065.0    2505.9    72.0      14.696      83.3        
1250    1.6     93.33     3814.0    2352.9    72.0      15.643      83.1        
800     2.0     93.33     3051.0    1882.4    72.0      19.549      83.1        
990     1.8     93.44     3394.0    2096.5    72.0      17.56       83.0        
1110    1.7     93.44     3594.0    2220.0    72.0      16.588      83.0        
1900    1.3     93.49     4702.0    2905.9    72.0      12.779      83.6        
890     1.9     93.52     3218.0    1989.4    72.0      18.525      82.9        
1640    1.4     93.54     4369.0    2701.2    72.0      13.711      83.3        
1430    1.5     93.58     4080.0    2523.5    72.0      14.651      83.1        
1260    1.6     93.7      3829.0    2371.8    72.0      15.587      82.8        
1910    1.3     93.73     4715.0    2921.2    72.0      12.75       83.4        
1650    1.4     93.82     4382.0    2717.6    72.0      13.675      83.1        
1120    1.7     93.86     3610.0    2240.0    72.0      16.521      82.6        
810     2.0     93.91     3070.0    1905.9    72.0      19.434      82.6        
1000    1.8     93.91     3411.0    2117.6    72.0      17.479      82.6        
1440    1.5     93.91     4094.0    2541.2    72.0      14.606      82.8        
1920    1.3     93.98     4727.0    2936.5    72.0      12.722      83.2        
900     1.9     94.04     3236.0    2011.8    72.0      18.429      82.5        
1270    1.6     94.07     3845.0    2390.6    72.0      15.532      82.6        
1660    1.4     94.11     4395.0    2734.1    72.0      13.64       82.9        
1930    1.3     94.22     4739.0    2951.8    72.0      12.694      83.0        
1450    1.5     94.23     4108.0    2558.8    72.0      14.562      82.6        
1130    1.7     94.28     3626.0    2260.0    72.0      16.455      82.3        
1010    1.8     94.38     3428.0    2138.8    72.0      17.399      82.2        
1670    1.4     94.39     4409.0    2750.6    72.0      13.604      82.6        
1280    1.6     94.44     3860.0    2409.4    72.0      15.478      82.3        
1940    1.3     94.47     4752.0    2967.1    72.0      12.667      82.9        
820     2.0     94.49     3089.0    1929.4    72.0      19.322      82.2        
1460    1.5     94.56     4122.0    2576.5    72.0      14.518      82.3        
910     1.9     94.56     3254.0    2034.1    72.0      18.334      82.1        
1680    1.4     94.67     4422.0    2767.1    72.0      13.57       82.4        
1140    1.7     94.7      3642.0    2280.0    72.0      16.389      82.0        
1950    1.3     94.71     4764.0    2982.4    72.0      12.639      82.7        
1290    1.6     94.81     3875.0    2428.2    72.0      15.424      82.0        
1020    1.8     94.84     3445.0    2160.0    72.0      17.321      81.8        
1470    1.5     94.88     4136.0    2594.1    72.0      14.475      82.1        
1690    1.4     94.95     4435.0    2783.5    72.0      13.535      82.2        
1960    1.3     94.95     4776.0    2997.6    72.0      12.612      82.5        
830     2.0     95.06     3108.0    1952.9    72.0      19.213      81.7        
920     1.9     95.08     3272.0    2056.5    72.0      18.242      81.6        
1150    1.7     95.11     3658.0    2300.0    72.0      16.324      81.7        
1300    1.6     95.18     3890.0    2447.1    72.0      15.371      81.7        
1970    1.3     95.19     4788.0    3012.9    72.0      12.585      82.3        
1480    1.5     95.2      4150.0    2611.8    72.0      14.432      81.8        
1700    1.4     95.23     4448.0    2800.0    72.0      13.501      82.0        
1030    1.8     95.31     3462.0    2181.2    72.0      17.244      81.5        
1980    1.3     95.44     4800.0    3028.2    72.0      12.559      82.2        
1710    1.4     95.51     4461.0    2816.5    72.0      13.467      81.8        
1160    1.7     95.52     3674.0    2320.0    72.0      16.261      81.3        
1490    1.5     95.53     4164.0    2629.4    72.0      14.39       81.6        
1310    1.6     95.54     3905.0    2465.9    72.0      15.319      81.4        
930     1.9     95.59     3290.0    2078.8    72.0      18.15       81.2        
840     2.0     95.63     3127.0    1976.5    72.0      19.105      81.2        
1990    1.3     95.68     4812.0    3043.5    72.0      12.532      82.0        
1040    1.8     95.77     3479.0    2202.4    72.0      17.168      81.1        
1720    1.4     95.79     4474.0    2832.9    72.0      13.433      81.6        
1500    1.5     95.85     4178.0    2647.1    72.0      14.348      81.3        
1320    1.6     95.91     3919.0    2484.7    72.0      15.268      81.2        
2000    1.3     95.92     4825.0    3058.8    72.0      12.506      81.8        
1170    1.7     95.94     3690.0    2340.0    72.0      16.198      81.0        
1730    1.4     96.07     4487.0    2849.4    72.0      13.4        81.4        
940     1.9     96.11     3308.0    2101.2    72.0      18.061      80.8        
1510    1.5     96.16     4192.0    2664.7    72.0      14.306      81.1        
850     2.0     96.2      3145.0    2000.0    72.0      18.999      80.8        
1050    1.8     96.23     3496.0    2223.5    72.0      17.093      80.8        
1330    1.6     96.27     3934.0    2503.5    72.0      15.217      80.9        
1180    1.7     96.34     3706.0    2360.0    72.0      16.136      80.7        
1740    1.4     96.35     4500.0    2865.9    72.0      13.367      81.2        
1520    1.5     96.48     4206.0    2682.4    72.0      14.265      80.9        
950     1.9     96.62     3325.0    2123.5    72.0      17.973      80.4        
1750    1.4     96.62     4513.0    2882.4    72.0      13.335      81.0        
1340    1.6     96.63     3949.0    2522.4    72.0      15.166      80.6        
1060    1.8     96.69     3512.0    2244.7    72.0      17.019      80.4        
1190    1.7     96.75     3721.0    2380.0    72.0      16.075      80.4        
860     2.0     96.76     3164.0    2023.5    72.0      18.896      80.3        
1530    1.5     96.8      4220.0    2700.0    72.0      14.225      80.6        
1760    1.4     96.9      4526.0    2898.8    72.0      13.303      80.8        
1350    1.6     96.99     3964.0    2541.2    72.0      15.117      80.3        
1540    1.5     97.12     4234.0    2717.6    72.0      14.185      80.4        
960     1.9     97.12     3343.0    2145.9    72.0      17.886      80.1        
1070    1.8     97.14     3529.0    2265.9    72.0      16.947      80.1        
1200    1.7     97.16     3737.0    2400.0    72.0      16.015      80.1        
1770    1.4     97.17     4539.0    2915.3    72.0      13.271      80.6        
870     2.0     97.33     3182.0    2047.1    72.0      18.794      79.9        
1360    1.6     97.35     3978.0    2560.0    72.0      15.068      80.1        
1550    1.5     97.43     4247.0    2735.3    72.0      14.145      80.2        
1780    1.4     97.45     4551.0    2931.8    72.0      13.239      80.4        
1210    1.7     97.56     3753.0    2420.0    72.0      15.956      79.8        
1080    1.8     97.59     3545.0    2287.1    72.0      16.876      79.7        
970     1.9     97.63     3360.0    2168.2    72.0      17.801      79.7        
1370    1.6     97.7      3993.0    2578.8    72.0      15.019      79.8        
1790    1.4     97.72     4564.0    2948.2    72.0      13.208      80.2        
1560    1.5     97.74     4261.0    2752.9    72.0      14.106      80.0        
880     2.0     97.88     3200.0    2070.6    72.0      18.695      79.5        
1220    1.7     97.96     3768.0    2440.0    72.0      15.897      79.5        
1800    1.4     97.99     4577.0    2964.7    72.0      13.177      80.0        
800     2.1     97.99     3051.0    1976.5    72.0      19.617      79.4        
1090    1.8     98.04     3562.0    2308.2    72.0      16.805      79.4        
1570    1.5     98.06     4275.0    2770.6    72.0      14.067      79.8        
1380    1.6     98.06     4008.0    2597.6    72.0      14.971      79.6        
980     1.9     98.13     3377.0    2190.6    72.0      17.718      79.3        
1810    1.4     98.27     4590.0    2981.2    72.0      13.146      79.9        
1230    1.7     98.36     3783.0    2460.0    72.0      15.84       79.2        
1580    1.5     98.37     4288.0    2788.2    72.0      14.029      79.5        
1390    1.6     98.42     4022.0    2616.5    72.0      14.924      79.3        
890     2.0     98.44     3218.0    2094.1    72.0      18.597      79.1        
1100    1.8     98.49     3578.0    2329.4    72.0      16.736      79.1        
1820    1.4     98.54     4602.0    2997.6    72.0      13.115      79.7        
810     2.1     98.6      3070.0    2001.2    72.0      19.503      79.0        
990     1.9     98.63     3394.0    2212.9    72.0      17.636      78.9        
1590    1.5     98.68     4302.0    2805.9    72.0      13.991      79.3        
1240    1.7     98.76     3799.0    2480.0    72.0      15.783      79.0        
1400    1.6     98.77     4036.0    2635.3    72.0      14.877      79.1        
1830    1.4     98.81     4615.0    3014.1    72.0      13.085      79.5        
1110    1.8     98.94     3594.0    2350.6    72.0      16.668      78.8        
900     2.0     98.99     3236.0    2117.6    72.0      18.501      78.7        
1600    1.5     98.99     4315.0    2823.5    72.0      13.953      79.1        
1840    1.4     99.08     4628.0    3030.6    72.0      13.055      79.3        
1410    1.6     99.12     4051.0    2654.1    72.0      14.831      78.8        
1000    1.9     99.13     3411.0    2235.3    72.0      17.555      78.6        
1250    1.7     99.16     3814.0    2500.0    72.0      15.727      78.7        
820     2.1     99.21     3089.0    2025.9    72.0      19.392      78.5        
1610    1.5     99.3      4329.0    2841.2    72.0      13.916      78.9        
1850    1.4     99.35     4640.0    3047.1    72.0      13.025      79.1        
1120    1.8     99.38     3610.0    2371.8    72.0      16.601      78.4        
1420    1.6     99.47     4065.0    2672.9    72.0      14.786      78.6        
910     2.0     99.54     3254.0    2141.2    72.0      18.407      78.3        
1260    1.7     99.56     3829.0    2520.0    72.0      15.671      78.4        
1620    1.5     99.61     4342.0    2858.8    72.0      13.879      78.7        
1860    1.4     99.61     4653.0    3063.5    72.0      12.996      78.9        
1010    1.9     99.62     3428.0    2257.6    72.0      17.476      78.2        
830     2.1     99.81     3108.0    2050.6    72.0      19.282      78.1        
1430    1.6     99.82     4080.0    2691.8    72.0      14.741      78.4        
1130    1.8     99.83     3626.0    2392.9    72.0      16.535      78.1        
1870    1.4     99.88     4665.0    3080.0    72.0      12.967      78.8        
1630    1.5     99.91     4355.0    2876.5    72.0      13.843      78.5        
1270    1.7     99.95     3845.0    2540.0    72.0      15.617      78.1        
920     2.0     100.08    3272.0    2164.7    72.0      18.315      77.9        
1020    1.9     100.11    3445.0    2280.0    72.0      17.397      77.9        
1880    1.4     100.15    4678.0    3096.5    72.0      12.938      78.6        
1440    1.6     100.17    4094.0    2710.6    72.0      14.696      78.1        
1640    1.5     100.22    4369.0    2894.1    72.0      13.807      78.3        
1140    1.8     100.27    3642.0    2414.1    72.0      16.47       77.8        
1280    1.7     100.34    3860.0    2560.0    72.0      15.563      77.9        
1890    1.4     100.41    4690.0    3112.9    72.0      12.909      78.4        
840     2.1     100.41    3127.0    2075.3    72.0      19.175      77.7        
1450    1.6     100.52    4108.0    2729.4    72.0      14.652      77.9        
1650    1.5     100.52    4382.0    2911.8    72.0      13.771      78.1        
1030    1.9     100.6     3462.0    2302.4    72.0      17.321      77.5        
930     2.0     100.63    3290.0    2188.2    72.0      18.224      77.5        
1900    1.4     100.68    4702.0    3129.4    72.0      12.881      78.2        
1150    1.8     100.71    3658.0    2435.3    72.0      16.405      77.5        
1290    1.7     100.73    3875.0    2580.0    72.0      15.51       77.6        
1660    1.5     100.83    4395.0    2929.4    72.0      13.736      77.9        
1460    1.6     100.86    4122.0    2748.2    72.0      14.609      77.6        
1910    1.4     100.94    4715.0    3145.9    72.0      12.853      78.1        
850     2.1     101.01    3145.0    2100.0    72.0      19.07       77.2        
1040    1.9     101.09    3479.0    2324.7    72.0      17.245      77.2        
1300    1.7     101.12    3890.0    2600.0    72.0      15.457      77.3        
1670    1.5     101.13    4409.0    2947.1    72.0      13.701      77.7        
1160    1.8     101.14    3674.0    2456.5    72.0      16.342      77.2        
940     2.0     101.16    3308.0    2211.8    72.0      18.135      77.1        
1920    1.4     101.21    4727.0    3162.4    72.0      12.825      77.9        
1470    1.6     101.21    4136.0    2767.1    72.0      14.566      77.4        
1680    1.5     101.43    4422.0    2964.7    72.0      13.666      77.5        
1930    1.4     101.47    4739.0    3178.8    72.0      12.798      77.7        
1310    1.7     101.51    3905.0    2620.0    72.0      15.405      77.1        
1480    1.6     101.55    4150.0    2785.9    72.0      14.523      77.2        
1050    1.9     101.57    3496.0    2347.1    72.0      17.17       76.9        
1170    1.8     101.58    3690.0    2477.6    72.0      16.28       76.9        
860     2.1     101.6     3164.0    2124.7    72.0      18.967      76.8        
950     2.0     101.7     3325.0    2235.3    72.0      18.047      76.7        
1940    1.4     101.73    4752.0    3195.3    72.0      12.77       77.6        
1690    1.5     101.73    4435.0    2982.4    72.0      13.632      77.3        
1490    1.6     101.89    4164.0    2804.7    72.0      14.481      77.0        
1320    1.7     101.9     3919.0    2640.0    72.0      15.354      76.8        
1950    1.4     102.0     4764.0    3211.8    72.0      12.743      77.4        
1180    1.8     102.01    3706.0    2498.8    72.0      16.218      76.6        
1700    1.5     102.04    4448.0    3000.0    72.0      13.598      77.1        
1060    1.9     102.06    3512.0    2369.4    72.0      17.097      76.5        
870     2.1     102.19    3182.0    2149.4    72.0      18.866      76.4        
1500    1.6     102.24    4178.0    2823.5    72.0      14.439      76.7        
960     2.0     102.24    3343.0    2258.8    72.0      17.961      76.4        
1960    1.4     102.26    4776.0    3228.2    72.0      12.716      77.2        
1330    1.7     102.28    3934.0    2660.0    72.0      15.303      76.6        
1710    1.5     102.34    4461.0    3017.6    72.0      13.564      76.9        
1190    1.8     102.44    3721.0    2520.0    72.0      16.158      76.3        
1970    1.4     102.52    4788.0    3244.7    72.0      12.69       77.1        
1070    1.9     102.54    3529.0    2391.8    72.0      17.025      76.2        
1510    1.6     102.58    4192.0    2842.4    72.0      14.398      76.5        
1720    1.5     102.63    4474.0    3035.3    72.0      13.531      76.7        
800     2.2     102.66    3051.0    2070.6    72.0      19.686      76.1        
1340    1.7     102.67    3949.0    2680.0    72.0      15.253      76.3        
970     2.0     102.77    3360.0    2282.4    72.0      17.876      76.0        
880     2.1     102.78    3200.0    2174.1    72.0      18.766      76.0        
1980    1.4     102.78    4800.0    3261.2    72.0      12.663      76.9        
1200    1.8     102.87    3737.0    2541.2    72.0      16.098      76.1        
1520    1.6     102.91    4206.0    2861.2    72.0      14.358      76.3        
1730    1.5     102.93    4487.0    3052.9    72.0      13.498      76.5        
1080    1.9     103.02    3545.0    2414.1    72.0      16.954      75.9        
1990    1.4     103.04    4812.0    3277.6    72.0      12.637      76.8        
1350    1.7     103.05    3964.0    2700.0    72.0      15.204      76.1        
1740    1.5     103.23    4500.0    3070.6    72.0      13.466      76.3        
1530    1.6     103.25    4220.0    2880.0    72.0      14.317      76.1        
2000    1.4     103.29    4825.0    3294.1    72.0      12.611      76.6        
980     2.0     103.29    3377.0    2305.9    72.0      17.793      75.7        
810     2.2     103.3     3070.0    2096.5    72.0      19.572      75.7        
1210    1.8     103.3     3753.0    2562.4    72.0      16.039      75.8        
890     2.1     103.36    3218.0    2198.8    72.0      18.669      75.6        
1360    1.7     103.43    3978.0    2720.0    72.0      15.155      75.8        
1090    1.9     103.49    3562.0    2436.5    72.0      16.884      75.6        
1750    1.5     103.53    4513.0    3088.2    72.0      13.433      76.2        
1540    1.6     103.59    4234.0    2898.8    72.0      14.277      75.9        
1220    1.8     103.73    3768.0    2583.5    72.0      15.981      75.5        
1370    1.7     103.81    3993.0    2740.0    72.0      15.107      75.6        
1760    1.5     103.82    4526.0    3105.9    72.0      13.401      76.0        
990     2.0     103.82    3394.0    2329.4    72.0      17.711      75.3        
1550    1.6     103.93    4247.0    2917.6    72.0      14.238      75.7        
820     2.2     103.94    3089.0    2122.4    72.0      19.461      75.2        
900     2.1     103.94    3236.0    2223.5    72.0      18.573      75.2        
1100    1.9     103.96    3578.0    2458.8    72.0      16.815      75.3        
1770    1.5     104.12    4539.0    3123.5    72.0      13.37       75.8        
1230    1.8     104.15    3783.0    2604.7    72.0      15.923      75.2        
1380    1.7     104.19    4008.0    2760.0    72.0      15.06       75.3        
1560    1.6     104.26    4261.0    2936.5    72.0      14.199      75.5        
1000    2.0     104.34    3411.0    2352.9    72.0      17.631      75.0        
1780    1.5     104.41    4551.0    3141.2    72.0      13.338      75.6        
1110    1.9     104.44    3594.0    2481.2    72.0      16.748      75.0        
910     2.1     104.51    3254.0    2248.2    72.0      18.48       74.8        
1390    1.7     104.57    4022.0    2780.0    72.0      15.013      75.1        
830     2.2     104.57    3108.0    2148.2    72.0      19.352      74.8        
1240    1.8     104.57    3799.0    2625.9    72.0      15.867      75.0        
1570    1.6     104.59    4275.0    2955.3    72.0      14.161      75.3        
1790    1.5     104.7     4564.0    3158.8    72.0      13.307      75.4        
1010    2.0     104.86    3428.0    2376.5    72.0      17.552      74.6        
1120    1.9     104.91    3610.0    2503.5    72.0      16.681      74.7        
1580    1.6     104.93    4288.0    2974.1    72.0      14.123      75.1        
1400    1.7     104.94    4036.0    2800.0    72.0      14.966      74.9        
1800    1.5     104.99    4577.0    3176.5    72.0      13.276      75.3        
1250    1.8     104.99    3814.0    2647.1    72.0      15.811      74.7        
920     2.1     105.09    3272.0    2272.9    72.0      18.387      74.5        
840     2.2     105.2     3127.0    2174.1    72.0      19.245      74.4        
1590    1.6     105.26    4302.0    2992.9    72.0      14.085      74.9        
1810    1.5     105.28    4590.0    3194.1    72.0      13.246      75.1        
1410    1.7     105.32    4051.0    2820.0    72.0      14.92       74.6        
1130    1.9     105.37    3626.0    2525.9    72.0      16.615      74.4        
1020    2.0     105.38    3445.0    2400.0    72.0      17.474      74.3        
1260    1.8     105.41    3829.0    2668.2    72.0      15.756      74.4        
1820    1.5     105.58    4602.0    3211.8    72.0      13.216      74.9        
1600    1.6     105.59    4315.0    3011.8    72.0      14.048      74.7        
930     2.1     105.66    3290.0    2297.6    72.0      18.297      74.1        
1420    1.7     105.69    4065.0    2840.0    72.0      14.875      74.4        
850     2.2     105.82    3145.0    2200.0    72.0      19.14       74.0        
1270    1.8     105.83    3845.0    2689.4    72.0      15.701      74.2        
1140    1.9     105.84    3642.0    2548.2    72.0      16.55       74.1        
1830    1.5     105.86    4615.0    3229.4    72.0      13.186      74.8        
1030    2.0     105.9     3462.0    2423.5    72.0      17.397      74.0        
1610    1.6     105.92    4329.0    3030.6    72.0      14.011      74.5        
1430    1.7     106.06    4080.0    2860.0    72.0      14.83       74.2        
1840    1.5     106.15    4628.0    3247.1    72.0      13.156      74.6        
940     2.1     106.22    3308.0    2322.4    72.0      18.208      73.7        
1280    1.8     106.25    3860.0    2710.6    72.0      15.648      73.9        
1620    1.6     106.25    4342.0    3049.4    72.0      13.974      74.3        
1150    1.9     106.3     3658.0    2570.6    72.0      16.486      73.8        
1040    2.0     106.41    3479.0    2447.1    72.0      17.322      73.7        
1440    1.7     106.43    4094.0    2880.0    72.0      14.786      74.0        
860     2.2     106.44    3164.0    2225.9    72.0      19.037      73.6        
1850    1.5     106.44    4640.0    3264.7    72.0      13.127      74.4        
1630    1.6     106.57    4355.0    3068.2    72.0      13.938      74.1        
1290    1.8     106.66    3875.0    2731.8    72.0      15.595      73.7        
1860    1.5     106.73    4653.0    3282.4    72.0      13.097      74.3        
1160    1.9     106.76    3674.0    2592.9    72.0      16.423      73.5        
950     2.1     106.79    3325.0    2347.1    72.0      18.121      73.4        
1450    1.7     106.8     4108.0    2900.0    72.0      14.742      73.7        
1640    1.6     106.9     4369.0    3087.1    72.0      13.902      73.9        
1050    2.0     106.92    3496.0    2470.6    72.0      17.248      73.3        
1870    1.5     107.02    4665.0    3300.0    72.0      13.069      74.1        
870     2.2     107.06    3182.0    2251.8    72.0      18.937      73.2        
1300    1.8     107.07    3890.0    2752.9    72.0      15.543      73.4        
1460    1.7     107.17    4122.0    2920.0    72.0      14.699      73.5        
1170    1.9     107.22    3690.0    2615.3    72.0      16.361      73.2        
1650    1.6     107.23    4382.0    3105.9    72.0      13.867      73.7        
1880    1.5     107.3     4678.0    3317.6    72.0      13.04       73.9        
800     2.3     107.33    3051.0    2164.7    72.0      19.754      73.0        
960     2.1     107.35    3343.0    2371.8    72.0      18.035      73.0        
1060    2.0     107.43    3512.0    2494.1    72.0      17.175      73.0        
1310    1.8     107.48    3905.0    2774.1    72.0      15.491      73.2        
1470    1.7     107.53    4136.0    2940.0    72.0      14.656      73.3        
1660    1.6     107.55    4395.0    3124.7    72.0      13.832      73.5        
1890    1.5     107.59    4690.0    3335.3    72.0      13.012      73.8        
880     2.2     107.67    3200.0    2277.6    72.0      18.838      72.8        
1180    1.9     107.68    3706.0    2637.6    72.0      16.3        73.0        
1900    1.5     107.87    4702.0    3352.9    72.0      12.983      73.6        
1670    1.6     107.87    4409.0    3143.5    72.0      13.797      73.3        
1320    1.8     107.89    3919.0    2795.3    72.0      15.44       72.9        
1480    1.7     107.9     4150.0    2960.0    72.0      14.614      73.1        
970     2.1     107.9     3360.0    2396.5    72.0      17.951      72.7        
1070    2.0     107.93    3529.0    2517.6    72.0      17.103      72.7        
810     2.3     108.0     3070.0    2191.8    72.0      19.641      72.6        
1190    1.9     108.13    3721.0    2660.0    72.0      16.24       72.7        
1910    1.5     108.15    4715.0    3370.6    72.0      12.956      73.5        
1680    1.6     108.2     4422.0    3162.4    72.0      13.763      73.2        
1490    1.7     108.26    4164.0    2980.0    72.0      14.572      72.9        
890     2.2     108.28    3218.0    2303.5    72.0      18.741      72.4        
1330    1.8     108.3     3934.0    2816.5    72.0      15.39       72.7        
1920    1.5     108.44    4727.0    3388.2    72.0      12.928      73.3        
1080    2.0     108.44    3545.0    2541.2    72.0      17.033      72.4        
980     2.1     108.46    3377.0    2421.2    72.0      17.868      72.4        
1690    1.6     108.52    4435.0    3181.2    72.0      13.729      73.0        
1200    1.9     108.59    3737.0    2682.4    72.0      16.18       72.4        
1500    1.7     108.63    4178.0    3000.0    72.0      14.531      72.7        
820     2.3     108.66    3089.0    2218.8    72.0      19.53       72.2        
1340    1.8     108.71    3949.0    2837.6    72.0      15.34       72.5        
1930    1.5     108.72    4739.0    3405.9    72.0      12.901      73.1        
1700    1.6     108.84    4448.0    3200.0    72.0      13.695      72.8        
900     2.2     108.89    3236.0    2329.4    72.0      18.646      72.1        
1090    2.0     108.94    3562.0    2564.7    72.0      16.963      72.1        
1510    1.7     108.99    4192.0    3020.0    72.0      14.49       72.5        
1940    1.5     109.0     4752.0    3423.5    72.0      12.874      73.0        
990     2.1     109.01    3394.0    2445.9    72.0      17.787      72.0        
1210    1.9     109.04    3753.0    2704.7    72.0      16.122      72.2        
1350    1.8     109.11    3964.0    2858.8    72.0      15.291      72.2        
1710    1.6     109.16    4461.0    3218.8    72.0      13.662      72.6        
1950    1.5     109.28    4764.0    3441.2    72.0      12.847      72.8        
830     2.3     109.32    3108.0    2245.9    72.0      19.421      71.8        
1520    1.7     109.35    4206.0    3040.0    72.0      14.45       72.3        
1100    2.0     109.44    3578.0    2588.2    72.0      16.895      71.8        
1720    1.6     109.48    4474.0    3237.6    72.0      13.629      72.4        
1220    1.9     109.49    3768.0    2727.1    72.0      16.064      71.9        
910     2.2     109.49    3254.0    2355.3    72.0      18.552      71.7        
1360    1.8     109.52    3978.0    2880.0    72.0      15.243      72.0        
1960    1.5     109.56    4776.0    3458.8    72.0      12.82       72.7        
1000    2.1     109.56    3411.0    2470.6    72.0      17.707      71.7        
1530    1.7     109.71    4220.0    3060.0    72.0      14.41       72.1        
1730    1.6     109.79    4487.0    3256.5    72.0      13.596      72.3        
1970    1.5     109.84    4788.0    3476.5    72.0      12.794      72.5        
1370    1.8     109.92    3993.0    2901.2    72.0      15.195      71.8        
1110    2.0     109.93    3594.0    2611.8    72.0      16.827      71.6        
1230    1.9     109.94    3783.0    2749.4    72.0      16.007      71.6        
840     2.3     109.98    3127.0    2272.9    72.0      19.315      71.4        
1540    1.7     110.06    4234.0    3080.0    72.0      14.37       71.9        
920     2.2     110.09    3272.0    2381.2    72.0      18.46       71.4        
1010    2.1     110.11    3428.0    2495.3    72.0      17.628      71.4        
1740    1.6     110.11    4500.0    3275.3    72.0      13.564      72.1        
1980    1.5     110.12    4800.0    3494.1    72.0      12.767      72.4        
1380    1.8     110.32    4008.0    2922.4    72.0      15.148      71.6        
1240    1.9     110.38    3799.0    2771.8    72.0      15.95       71.4        
1990    1.5     110.4     4812.0    3511.8    72.0      12.741      72.2        
1550    1.7     110.42    4247.0    3100.0    72.0      14.331      71.7        
1750    1.6     110.43    4513.0    3294.1    72.0      13.532      71.9        
1120    2.0     110.43    3610.0    2635.3    72.0      16.761      71.3        
850     2.3     110.63    3145.0    2300.0    72.0      19.21       71.0        
1020    2.1     110.65    3445.0    2520.0    72.0      17.55       71.1        
2000    1.5     110.67    4825.0    3529.4    72.0      12.716      72.1        
930     2.2     110.69    3290.0    2407.1    72.0      18.37       71.0        
1390    1.8     110.72    4022.0    2943.5    72.0      15.101      71.3        
1760    1.6     110.74    4526.0    3312.9    72.0      13.5        71.8        
1560    1.7     110.78    4261.0    3120.0    72.0      14.292      71.5        
1250    1.9     110.83    3814.0    2794.1    72.0      15.895      71.1        
1130    2.0     110.92    3626.0    2658.8    72.0      16.695      71.0        
1770    1.6     111.06    4539.0    3331.8    72.0      13.469      71.6        
1400    1.8     111.11    4036.0    2964.7    72.0      15.055      71.1        
1570    1.7     111.13    4275.0    3140.0    72.0      14.254      71.3        
1030    2.1     111.19    3462.0    2544.7    72.0      17.474      70.8        
1260    1.9     111.27    3829.0    2816.5    72.0      15.84       70.9        
860     2.3     111.28    3164.0    2327.1    72.0      19.108      70.7        
940     2.2     111.28    3308.0    2432.9    72.0      18.282      70.7        
1780    1.6     111.37    4551.0    3350.6    72.0      13.437      71.4        
1140    2.0     111.41    3642.0    2682.4    72.0      16.631      70.7        
1580    1.7     111.48    4288.0    3160.0    72.0      14.216      71.1        
1410    1.8     111.51    4051.0    2985.9    72.0      15.009      70.9        
1790    1.6     111.68    4564.0    3369.4    72.0      13.407      71.3        
1270    1.9     111.71    3845.0    2838.8    72.0      15.786      70.7        
1040    2.1     111.73    3479.0    2569.4    72.0      17.399      70.5        
1590    1.7     111.84    4302.0    3180.0    72.0      14.179      70.9        
950     2.2     111.87    3325.0    2458.8    72.0      18.195      70.3        
1150    2.0     111.9     3658.0    2705.9    72.0      16.567      70.4        
1420    1.8     111.91    4065.0    3007.1    72.0      14.964      70.7        
870     2.3     111.92    3182.0    2354.1    72.0      19.008      70.3        
1800    1.6     111.99    4577.0    3388.2    72.0      13.376      71.1        
800     2.4     111.99    3051.0    2258.8    72.0      19.823      70.2        
1280    1.9     112.15    3860.0    2861.2    72.0      15.733      70.4        
1600    1.7     112.19    4315.0    3200.0    72.0      14.142      70.7        
1050    2.1     112.27    3496.0    2594.1    72.0      17.326      70.2        
1430    1.8     112.3     4080.0    3028.2    72.0      14.92       70.5        
1810    1.6     112.3     4590.0    3407.1    72.0      13.346      70.9        
1160    2.0     112.38    3674.0    2729.4    72.0      16.505      70.2        
960     2.2     112.46    3343.0    2484.7    72.0      18.11       70.0        
1610    1.7     112.54    4329.0    3220.0    72.0      14.105      70.6        
880     2.3     112.57    3200.0    2381.2    72.0      18.909      69.9        
1290    1.9     112.59    3875.0    2883.5    72.0      15.68       70.2        
1820    1.6     112.61    4602.0    3425.9    72.0      13.316      70.8        
810     2.4     112.69    3070.0    2287.1    72.0      19.71       69.8        
1440    1.8     112.69    4094.0    3049.4    72.0      14.876      70.3        
1060    2.1     112.8     3512.0    2618.8    72.0      17.253      69.9        
1170    2.0     112.86    3690.0    2752.9    72.0      16.443      69.9        
1620    1.7     112.89    4342.0    3240.0    72.0      14.069      70.4        
1830    1.6     112.92    4615.0    3444.7    72.0      13.286      70.6        
1300    1.9     113.02    3890.0    2905.9    72.0      15.628      70.0        
970     2.2     113.04    3360.0    2510.6    72.0      18.026      69.7        
1450    1.8     113.08    4108.0    3070.6    72.0      14.832      70.1        
890     2.3     113.2     3218.0    2408.2    72.0      18.813      69.6        
1840    1.6     113.23    4628.0    3463.5    72.0      13.257      70.5        
1630    1.7     113.23    4355.0    3260.0    72.0      14.033      70.2        
1070    2.1     113.33    3529.0    2643.5    72.0      17.182      69.6        
1180    2.0     113.35    3706.0    2776.5    72.0      16.382      69.7        
820     2.4     113.38    3089.0    2315.3    72.0      19.599      69.5        
1310    1.9     113.46    3905.0    2928.2    72.0      15.577      69.7        
1460    1.8     113.47    4122.0    3091.8    72.0      14.789      69.9        
1850    1.6     113.54    4640.0    3482.4    72.0      13.228      70.3        
1640    1.7     113.58    4369.0    3280.0    72.0      13.998      70.0        
980     2.2     113.62    3377.0    2536.5    72.0      17.943      69.4        
1190    2.0     113.83    3721.0    2800.0    72.0      16.322      69.4        
900     2.3     113.84    3236.0    2435.3    72.0      18.718      69.2        
1860    1.6     113.84    4653.0    3501.2    72.0      13.199      70.2        
1080    2.1     113.86    3545.0    2668.2    72.0      17.111      69.3        
1470    1.8     113.86    4136.0    3112.9    72.0      14.747      69.7        
1320    1.9     113.89    3919.0    2950.6    72.0      15.526      69.5        
1650    1.7     113.93    4382.0    3300.0    72.0      13.963      69.8        
830     2.4     114.07    3108.0    2343.5    72.0      19.491      69.1        
1870    1.6     114.15    4665.0    3520.0    72.0      13.17       70.0        
990     2.2     114.2     3394.0    2562.4    72.0      17.862      69.0        
1480    1.8     114.25    4150.0    3134.1    72.0      14.705      69.5        
1660    1.7     114.27    4395.0    3320.0    72.0      13.928      69.7        
1200    2.0     114.3     3737.0    2823.5    72.0      16.263      69.2        
1330    1.9     114.32    3934.0    2972.9    72.0      15.476      69.3        
1090    2.1     114.38    3562.0    2692.9    72.0      17.042      69.0        
1880    1.6     114.45    4678.0    3538.8    72.0      13.142      69.9        
910     2.3     114.47    3254.0    2462.4    72.0      18.625      68.9        
1670    1.7     114.62    4409.0    3340.0    72.0      13.893      69.5        
1490    1.8     114.63    4164.0    3155.3    72.0      14.663      69.3        
1340    1.9     114.75    3949.0    2995.3    72.0      15.427      69.1        
1890    1.6     114.76    4690.0    3557.6    72.0      13.114      69.7        
840     2.4     114.76    3127.0    2371.8    72.0      19.385      68.7        
1000    2.2     114.78    3411.0    2588.2    72.0      17.782      68.7        
1210    2.0     114.78    3753.0    2847.1    72.0      16.204      68.9        
1100    2.1     114.91    3578.0    2717.6    72.0      16.974      68.7        
1680    1.7     114.96    4422.0    3360.0    72.0      13.859      69.3        
1500    1.8     115.01    4178.0    3176.5    72.0      14.622      69.1        
1900    1.6     115.06    4702.0    3576.5    72.0      13.086      69.6        
920     2.3     115.1     3272.0    2489.4    72.0      18.533      68.5        
1350    1.9     115.17    3964.0    3017.6    72.0      15.378      68.8        
1220    2.0     115.25    3768.0    2870.6    72.0      16.147      68.7        
1690    1.7     115.3     4435.0    3380.0    72.0      13.826      69.2        
1010    2.2     115.35    3428.0    2614.1    72.0      17.704      68.4        
1910    1.6     115.36    4715.0    3595.3    72.0      13.058      69.4        
1510    1.8     115.4     4192.0    3197.6    72.0      14.582      68.9        
1110    2.1     115.43    3594.0    2742.4    72.0      16.907      68.5        
850     2.4     115.44    3145.0    2400.0    72.0      19.281      68.3        
1360    1.9     115.6     3978.0    3040.0    72.0      15.33       68.6        
1700    1.7     115.64    4448.0    3400.0    72.0      13.792      69.0        
1920    1.6     115.67    4727.0    3614.1    72.0      13.031      69.3        
930     2.3     115.72    3290.0    2516.5    72.0      18.444      68.2        
1230    2.0     115.72    3783.0    2894.1    72.0      16.09       68.4        
1520    1.8     115.78    4206.0    3218.8    72.0      14.542      68.7        
1020    2.2     115.92    3445.0    2640.0    72.0      17.627      68.1        
1120    2.1     115.95    3610.0    2767.1    72.0      16.841      68.2        
1930    1.6     115.97    4739.0    3632.9    72.0      13.004      69.1        
1710    1.7     115.98    4461.0    3420.0    72.0      13.759      68.8        
1370    1.9     116.02    3993.0    3062.4    72.0      15.283      68.4        
860     2.4     116.12    3164.0    2428.2    72.0      19.179      68.0        
1530    1.8     116.16    4220.0    3240.0    72.0      14.502      68.5        
1240    2.0     116.19    3799.0    2917.6    72.0      16.034      68.2        
1940    1.6     116.27    4752.0    3651.8    72.0      12.977      69.0        
1720    1.7     116.32    4474.0    3440.0    72.0      13.726      68.7        
940     2.3     116.34    3308.0    2543.5    72.0      18.356      67.9        
1380    1.9     116.45    4008.0    3084.7    72.0      15.236      68.2        
1130    2.1     116.46    3626.0    2791.8    72.0      16.775      67.9        
1030    2.2     116.49    3462.0    2665.9    72.0      17.551      67.8        
1540    1.8     116.54    4234.0    3261.2    72.0      14.463      68.3        
1950    1.6     116.57    4764.0    3670.6    72.0      12.95       68.8        
1730    1.7     116.66    4487.0    3460.0    72.0      13.694      68.5        
1250    2.0     116.66    3814.0    2941.2    72.0      15.979      67.9        
800     2.5     116.66    3051.0    2352.9    72.0      19.891      67.7        
870     2.4     116.79    3182.0    2456.5    72.0      19.079      67.6        
1960    1.6     116.86    4776.0    3689.4    72.0      12.924      68.7        
1390    1.9     116.87    4022.0    3107.1    72.0      15.189      68.0        
1550    1.8     116.92    4247.0    3282.4    72.0      14.424      68.1        
950     2.3     116.96    3325.0    2570.6    72.0      18.269      67.6        
1140    2.1     116.98    3642.0    2816.5    72.0      16.711      67.7        
1740    1.7     116.99    4500.0    3480.0    72.0      13.662      68.3        
1040    2.2     117.05    3479.0    2691.8    72.0      17.477      67.6        
1260    2.0     117.13    3829.0    2964.7    72.0      15.925      67.7        
1970    1.6     117.16    4788.0    3708.2    72.0      12.898      68.6        
1400    1.9     117.29    4036.0    3129.4    72.0      15.143      67.8        
1560    1.8     117.29    4261.0    3303.5    72.0      14.386      68.0        
1750    1.7     117.33    4513.0    3500.0    72.0      13.63       68.2        
810     2.5     117.39    3070.0    2382.4    72.0      19.779      67.3        
880     2.4     117.46    3200.0    2484.7    72.0      18.981      67.3        
1980    1.6     117.46    4800.0    3727.1    72.0      12.872      68.4        
1150    2.1     117.49    3658.0    2841.2    72.0      16.648      67.4        
960     2.3     117.57    3343.0    2597.6    72.0      18.184      67.2        
1270    2.0     117.59    3845.0    2988.2    72.0      15.871      67.5        
1050    2.2     117.61    3496.0    2717.6    72.0      17.403      67.3        
1760    1.7     117.66    4526.0    3520.0    72.0      13.599      68.0        
1570    1.8     117.67    4275.0    3324.7    72.0      14.348      67.8        
1410    1.9     117.71    4051.0    3151.8    72.0      15.098      67.6        
1990    1.6     117.76    4812.0    3745.9    72.0      12.846      68.3        
1770    1.7     118.0     4539.0    3540.0    72.0      13.568      67.9        
1160    2.1     118.0     3674.0    2865.9    72.0      16.586      67.2        
1580    1.8     118.04    4288.0    3345.9    72.0      14.31       67.6        
1280    2.0     118.05    3860.0    3011.8    72.0      15.818      67.3        
2000    1.6     118.05    4825.0    3764.7    72.0      12.821      68.1        
820     2.5     118.11    3089.0    2411.8    72.0      19.668      66.9        
1420    1.9     118.12    4065.0    3174.1    72.0      15.053      67.4        
890     2.4     118.12    3218.0    2512.9    72.0      18.885      66.9        
1060    2.2     118.17    3512.0    2743.5    72.0      17.331      67.0        
970     2.3     118.18    3360.0    2624.7    72.0      18.1        66.9        
1780    1.7     118.33    4551.0    3560.0    72.0      13.537      67.7        
1590    1.8     118.41    4302.0    3367.1    72.0      14.273      67.4        
1170    2.1     118.51    3690.0    2890.6    72.0      16.524      66.9        
1290    2.0     118.51    3875.0    3035.3    72.0      15.766      67.0        
1430    1.9     118.54    4080.0    3196.5    72.0      15.009      67.2        
1790    1.7     118.66    4564.0    3580.0    72.0      13.506      67.6        
1070    2.2     118.73    3529.0    2769.4    72.0      17.26       66.7        
900     2.4     118.79    3236.0    2541.2    72.0      18.79       66.6        
1600    1.8     118.79    4315.0    3388.2    72.0      14.236      67.3        
980     2.3     118.79    3377.0    2651.8    72.0      18.018      66.6        
830     2.5     118.83    3108.0    2441.2    72.0      19.561      66.5        
1440    1.9     118.95    4094.0    3218.8    72.0      14.966      67.0        
1300    2.0     118.97    3890.0    3058.8    72.0      15.714      66.8        
1800    1.7     118.99    4577.0    3600.0    72.0      13.476      67.4        
1180    2.1     119.01    3706.0    2915.3    72.0      16.464      66.7        
1610    1.8     119.16    4329.0    3409.4    72.0      14.2        67.1        
1080    2.2     119.28    3545.0    2795.3    72.0      17.19       66.5        
1810    1.7     119.32    4590.0    3620.0    72.0      13.446      67.3        
1450    1.9     119.36    4108.0    3241.2    72.0      14.922      66.8        
990     2.3     119.39    3394.0    2678.8    72.0      17.938      66.3        
1310    2.0     119.43    3905.0    3082.4    72.0      15.663      66.6        
910     2.4     119.44    3254.0    2569.4    72.0      18.697      66.3        
1190    2.1     119.52    3721.0    2940.0    72.0      16.404      66.4        
1620    1.8     119.53    4342.0    3430.6    72.0      14.164      66.9        
840     2.5     119.54    3127.0    2470.6    72.0      19.455      66.2        
1820    1.7     119.65    4602.0    3640.0    72.0      13.416      67.1        
1460    1.9     119.77    4122.0    3263.5    72.0      14.88       66.6        
1090    2.2     119.83    3562.0    2821.2    72.0      17.121      66.2        
1320    2.0     119.88    3919.0    3105.9    72.0      15.613      66.4        
1630    1.8     119.9     4355.0    3451.8    72.0      14.128      66.8        
1830    1.7     119.98    4615.0    3660.0    72.0      13.387      67.0        
1000    2.3     120.0     3411.0    2705.9    72.0      17.858      66.0        
1200    2.1     120.02    3737.0    2964.7    72.0      16.345      66.2        
920     2.4     120.1     3272.0    2597.6    72.0      18.606      65.9        
1470    1.9     120.18    4136.0    3285.9    72.0      14.838      66.4        
850     2.5     120.25    3145.0    2500.0    72.0      19.351      65.8        
1640    1.8     120.26    4369.0    3472.9    72.0      14.093      66.6        
1840    1.7     120.31    4628.0    3680.0    72.0      13.358      66.8        
1330    2.0     120.33    3934.0    3129.4    72.0      15.563      66.2        
1100    2.2     120.38    3578.0    2847.1    72.0      17.053      65.9        
1210    2.1     120.52    3753.0    2989.4    72.0      16.287      66.0        
1480    1.9     120.59    4150.0    3308.2    72.0      14.796      66.2        
1010    2.3     120.59    3428.0    2732.9    72.0      17.78       65.7        
1650    1.8     120.63    4382.0    3494.1    72.0      14.058      66.4        
1850    1.7     120.63    4640.0    3700.0    72.0      13.329      66.7        
930     2.4     120.75    3290.0    2625.9    72.0      18.517      65.6        
1340    2.0     120.79    3949.0    3152.9    72.0      15.514      66.0        
1110    2.2     120.93    3594.0    2872.9    72.0      16.986      65.7        
860     2.5     120.96    3164.0    2529.4    72.0      19.25       65.5        
1860    1.7     120.96    4653.0    3720.0    72.0      13.3        66.5        
1660    1.8     120.99    4395.0    3515.3    72.0      14.024      66.3        
1490    1.9     121.0     4164.0    3330.6    72.0      14.755      66.0        
1220    2.1     121.01    3768.0    3014.1    72.0      16.23       65.7        
1020    2.3     121.19    3445.0    2760.0    72.0      17.704      65.5        
1350    2.0     121.24    3964.0    3176.5    72.0      15.465      65.8        
1870    1.7     121.28    4665.0    3740.0    72.0      13.272      66.4        
800     2.6     121.33    3051.0    2447.1    72.0      19.959      65.3        
1670    1.8     121.36    4409.0    3536.5    72.0      13.99       66.1        
940     2.4     121.4     3308.0    2654.1    72.0      18.429      65.3        
1500    1.9     121.4     4178.0    3352.9    72.0      14.714      65.9        
1120    2.2     121.47    3610.0    2898.8    72.0      16.921      65.4        
1230    2.1     121.51    3783.0    3038.8    72.0      16.174      65.5        
1880    1.7     121.61    4678.0    3760.0    72.0      13.244      66.3        
870     2.5     121.66    3182.0    2558.8    72.0      19.15       65.1        
1360    2.0     121.68    3978.0    3200.0    72.0      15.418      65.6        
1680    1.8     121.72    4422.0    3557.6    72.0      13.956      65.9        
1030    2.3     121.78    3462.0    2787.1    72.0      17.628      65.2        
1510    1.9     121.81    4192.0    3375.3    72.0      14.674      65.7        
1890    1.7     121.93    4690.0    3780.0    72.0      13.216      66.1        
1240    2.1     122.0     3799.0    3063.5    72.0      16.118      65.3        
1130    2.2     122.01    3626.0    2924.7    72.0      16.856      65.2        
950     2.4     122.04    3325.0    2682.4    72.0      18.343      65.0        
810     2.6     122.08    3070.0    2477.6    72.0      19.847      64.9        
1690    1.8     122.08    4435.0    3578.8    72.0      13.922      65.8        
1370    2.0     122.13    3993.0    3223.5    72.0      15.37       65.4        
1520    1.9     122.21    4206.0    3397.6    72.0      14.634      65.5        
1900    1.7     122.25    4702.0    3800.0    72.0      13.188      66.0        
880     2.5     122.35    3200.0    2588.2    72.0      19.052      64.8        
1040    2.3     122.37    3479.0    2814.1    72.0      17.554      64.9        
1700    1.8     122.44    4448.0    3600.0    72.0      13.889      65.6        
1250    2.1     122.49    3814.0    3088.2    72.0      16.063      65.1        
1140    2.2     122.55    3642.0    2950.6    72.0      16.792      64.9        
1910    1.7     122.57    4715.0    3820.0    72.0      13.161      65.8        
1380    2.0     122.58    4008.0    3247.1    72.0      15.324      65.2        
1530    1.9     122.61    4220.0    3420.0    72.0      14.595      65.3        
960     2.4     122.68    3343.0    2710.6    72.0      18.258      64.7        
1710    1.8     122.8     4461.0    3621.2    72.0      13.857      65.5        
820     2.6     122.83    3089.0    2508.2    72.0      19.738      64.6        
1920    1.7     122.9     4727.0    3840.0    72.0      13.134      65.7        
1050    2.3     122.96    3496.0    2841.2    72.0      17.481      64.6        
1260    2.1     122.98    3829.0    3112.9    72.0      16.009      64.8        
1540    1.9     123.01    4234.0    3442.4    72.0      14.556      65.2        
1390    2.0     123.02    4022.0    3270.6    72.0      15.278      65.0        
890     2.5     123.05    3218.0    2617.6    72.0      18.956      64.5        
1150    2.2     123.09    3658.0    2976.5    72.0      16.729      64.7        
1720    1.8     123.16    4474.0    3642.4    72.0      13.824      65.3        
1930    1.7     123.21    4739.0    3860.0    72.0      13.107      65.6        
970     2.4     123.32    3360.0    2738.8    72.0      18.175      64.4        
1550    1.9     123.41    4247.0    3464.7    72.0      14.517      65.0        
1400    2.0     123.46    4036.0    3294.1    72.0      15.232      64.8        
1270    2.1     123.47    3845.0    3137.6    72.0      15.956      64.6        
1730    1.8     123.52    4487.0    3663.5    72.0      13.792      65.2        
1940    1.7     123.53    4752.0    3880.0    72.0      13.08       65.4        
1060    2.3     123.54    3512.0    2868.2    72.0      17.409      64.4        
830     2.6     123.58    3108.0    2538.8    72.0      19.63       64.2        
1160    2.2     123.62    3674.0    3002.4    72.0      16.667      64.4        
900     2.5     123.74    3236.0    2647.1    72.0      18.862      64.2        
1560    1.9     123.81    4261.0    3487.1    72.0      14.479      64.8        
1950    1.7     123.85    4764.0    3900.0    72.0      13.054      65.3        
1740    1.8     123.87    4500.0    3684.7    72.0      13.76       65.0        
1410    2.0     123.9     4051.0    3317.6    72.0      15.187      64.6        
1280    2.1     123.95    3860.0    3162.4    72.0      15.903      64.4        
980     2.4     123.95    3377.0    2767.1    72.0      18.093      64.1        
1070    2.3     124.12    3529.0    2895.3    72.0      17.338      64.1        
1170    2.2     124.15    3690.0    3028.2    72.0      16.606      64.2        
1960    1.7     124.17    4776.0    3920.0    72.0      13.028      65.2        
1570    1.9     124.2     4275.0    3509.4    72.0      14.441      64.6        
1750    1.8     124.23    4513.0    3705.9    72.0      13.729      64.9        
840     2.6     124.32    3127.0    2569.4    72.0      19.525      63.9        
1420    2.0     124.34    4065.0    3341.2    72.0      15.143      64.4        
910     2.5     124.42    3254.0    2676.5    72.0      18.77       63.9        
1290    2.1     124.44    3875.0    3187.1    72.0      15.851      64.2        
1970    1.7     124.49    4788.0    3940.0    72.0      13.002      65.0        
1760    1.8     124.58    4526.0    3727.1    72.0      13.697      64.7        
990     2.4     124.58    3394.0    2795.3    72.0      18.013      63.8        
1580    1.9     124.6     4288.0    3531.8    72.0      14.404      64.5        
1180    2.2     124.68    3706.0    3054.1    72.0      16.546      64.0        
1080    2.3     124.7     3545.0    2922.4    72.0      17.268      63.9        
1430    2.0     124.78    4080.0    3364.7    72.0      15.099      64.2        
1980    1.7     124.8     4800.0    3960.0    72.0      12.976      64.9        
1300    2.1     124.92    3890.0    3211.8    72.0      15.8        64.0        
1770    1.8     124.94    4539.0    3748.2    72.0      13.667      64.6        
1590    1.9     124.99    4302.0    3554.1    72.0      14.367      64.3        
850     2.6     125.06    3145.0    2600.0    72.0      19.422      63.5        
920     2.5     125.1     3272.0    2705.9    72.0      18.679      63.5        
1990    1.7     125.12    4812.0    3980.0    72.0      12.951      64.8        
1190    2.2     125.21    3721.0    3080.0    72.0      16.486      63.7        
1440    2.0     125.21    4094.0    3388.2    72.0      15.055      64.0        
1000    2.4     125.21    3411.0    2823.5    72.0      17.934      63.5        
1090    2.3     125.28    3562.0    2949.4    72.0      17.2        63.6        
1780    1.8     125.29    4551.0    3769.4    72.0      13.636      64.4        
1600    1.9     125.39    4315.0    3576.5    72.0      14.331      64.1        
1310    2.1     125.4     3905.0    3236.5    72.0      15.749      63.8        
2000    1.7     125.43    4825.0    4000.0    72.0      12.925      64.7        
1790    1.8     125.64    4564.0    3790.6    72.0      13.606      64.3        
1450    2.0     125.65    4108.0    3411.8    72.0      15.013      63.8        
1200    2.2     125.73    3737.0    3105.9    72.0      16.428      63.5        
1610    1.9     125.78    4329.0    3598.8    72.0      14.295      64.0        
930     2.5     125.78    3290.0    2735.3    72.0      18.59       63.2        
860     2.6     125.79    3164.0    2630.6    72.0      19.32       63.2        
1010    2.4     125.84    3428.0    2851.8    72.0      17.856      63.3        
1100    2.3     125.85    3578.0    2976.5    72.0      17.132      63.3        
1320    2.1     125.88    3919.0    3261.2    72.0      15.699      63.6        
1800    1.8     125.99    4577.0    3811.8    72.0      13.576      64.1        
800     2.7     125.99    3051.0    2541.2    72.0      20.028      63.1        
1460    2.0     126.08    4122.0    3435.3    72.0      14.97       63.7        
1620    1.9     126.17    4342.0    3621.2    72.0      14.259      63.8        
1210    2.2     126.26    3753.0    3131.8    72.0      16.37       63.3        
1810    1.8     126.34    4590.0    3832.9    72.0      13.546      64.0        
1330    2.1     126.35    3934.0    3285.9    72.0      15.649      63.4        
1110    2.3     126.42    3594.0    3003.5    72.0      17.066      63.1        
940     2.5     126.46    3308.0    2764.7    72.0      18.503      62.9        
1020    2.4     126.46    3445.0    2880.0    72.0      17.78       63.0        
1470    2.0     126.51    4136.0    3458.8    72.0      14.928      63.5        
870     2.6     126.52    3182.0    2661.2    72.0      19.221      62.9        
1630    1.9     126.56    4355.0    3643.5    72.0      14.224      63.7        
1820    1.8     126.69    4602.0    3854.1    72.0      13.516      63.9        
1220    2.2     126.78    3768.0    3157.6    72.0      16.313      63.1        
810     2.7     126.78    3070.0    2572.9    72.0      19.916      62.7        
1340    2.1     126.83    3949.0    3310.6    72.0      15.601      63.2        
1480    2.0     126.94    4150.0    3482.4    72.0      14.887      63.3        
1640    1.9     126.94    4369.0    3665.9    72.0      14.189      63.5        
1120    2.3     126.99    3610.0    3030.6    72.0      17.0        62.9        
1830    1.8     127.04    4615.0    3875.3    72.0      13.487      63.7        
1030    2.4     127.08    3462.0    2908.2    72.0      17.705      62.7        
950     2.5     127.13    3325.0    2794.1    72.0      18.417      62.7        
880     2.6     127.25    3200.0    2691.8    72.0      19.124      62.6        
1230    2.2     127.29    3783.0    3183.5    72.0      16.257      62.8        
1350    2.1     127.3     3964.0    3335.3    72.0      15.553      63.0        
1650    1.9     127.33    4382.0    3688.2    72.0      14.154      63.4        
1490    2.0     127.37    4164.0    3505.9    72.0      14.846      63.1        
1840    1.8     127.38    4628.0    3896.5    72.0      13.458      63.6        
1130    2.3     127.56    3626.0    3057.6    72.0      16.936      62.6        
820     2.7     127.56    3089.0    2604.7    72.0      19.807      62.4        
1040    2.4     127.69    3479.0    2936.5    72.0      17.631      62.5        
1660    1.9     127.72    4395.0    3710.6    72.0      14.12       63.2        
1850    1.8     127.73    4640.0    3917.6    72.0      13.43       63.5        
1360    2.1     127.77    3978.0    3360.0    72.0      15.505      62.8        
1500    2.0     127.79    4178.0    3529.4    72.0      14.806      63.0        
960     2.5     127.79    3343.0    2823.5    72.0      18.333      62.4        
1240    2.2     127.81    3799.0    3209.4    72.0      16.202      62.6        
890     2.6     127.97    3218.0    2722.4    72.0      19.028      62.2        
1860    1.8     128.08    4653.0    3938.8    72.0      13.401      63.3        
1670    1.9     128.1     4409.0    3732.9    72.0      14.086      63.0        
1140    2.3     128.12    3642.0    3084.7    72.0      16.872      62.4        
1510    2.0     128.22    4192.0    3552.9    72.0      14.766      62.8        
1370    2.1     128.24    3993.0    3384.7    72.0      15.458      62.6        
1050    2.4     128.3     3496.0    2964.7    72.0      17.558      62.2        
1250    2.2     128.33    3814.0    3235.3    72.0      16.147      62.4        
830     2.7     128.33    3108.0    2636.5    72.0      19.7        62.1        
1870    1.8     128.42    4665.0    3960.0    72.0      13.373      63.2        
970     2.5     128.46    3360.0    2852.9    72.0      18.25       62.1        
1680    1.9     128.48    4422.0    3755.3    72.0      14.053      62.9        
1520    2.0     128.64    4206.0    3576.5    72.0      14.726      62.6        
1150    2.3     128.68    3658.0    3111.8    72.0      16.81       62.2        
900     2.6     128.69    3236.0    2752.9    72.0      18.935      61.9        
1380    2.1     128.7     4008.0    3409.4    72.0      15.412      62.4        
1880    1.8     128.76    4678.0    3981.2    72.0      13.345      63.1        
1260    2.2     128.84    3829.0    3261.2    72.0      16.093      62.2        
1690    1.9     128.86    4435.0    3777.6    72.0      14.019      62.8        
1060    2.4     128.91    3512.0    2992.9    72.0      17.487      62.0        
1530    2.0     129.07    4220.0    3600.0    72.0      14.687      62.5        
840     2.7     129.1     3127.0    2668.2    72.0      19.595      61.7        
1890    1.8     129.1     4690.0    4002.4    72.0      13.318      62.9        
980     2.5     129.12    3377.0    2882.4    72.0      18.169      61.8        
1390    2.1     129.17    4022.0    3434.1    72.0      15.366      62.2        
1160    2.3     129.24    3674.0    3138.8    72.0      16.748      61.9        
1700    1.9     129.24    4448.0    3800.0    72.0      13.987      62.6        
1270    2.2     129.35    3845.0    3287.1    72.0      16.04       62.0        
910     2.6     129.4     3254.0    2783.5    72.0      18.843      61.6        
1900    1.8     129.44    4702.0    4023.5    72.0      13.291      62.8        
1540    2.0     129.49    4234.0    3623.5    72.0      14.648      62.3        
1070    2.4     129.52    3529.0    3021.2    72.0      17.416      61.7        
1710    1.9     129.62    4461.0    3822.4    72.0      13.954      62.5        
1400    2.1     129.63    4036.0    3458.8    72.0      15.321      62.0        
990     2.5     129.78    3394.0    2911.8    72.0      18.089      61.5        
1910    1.8     129.79    4715.0    4044.7    72.0      13.263      62.7        
1170    2.3     129.79    3690.0    3165.9    72.0      16.687      61.7        
1280    2.2     129.86    3860.0    3312.9    72.0      15.988      61.8        
850     2.7     129.87    3145.0    2700.0    72.0      19.492      61.4        
1550    2.0     129.91    4247.0    3647.1    72.0      14.61       62.1        
1720    1.9     130.0     4474.0    3844.7    72.0      13.922      62.3        
1410    2.1     130.1     4051.0    3483.5    72.0      15.276      61.9        
920     2.6     130.11    3272.0    2814.1    72.0      18.752      61.3        
1080    2.4     130.12    3545.0    3049.4    72.0      17.347      61.5        
1920    1.8     130.12    4727.0    4065.9    72.0      13.237      62.5        
1560    2.0     130.33    4261.0    3670.6    72.0      14.572      62.0        
1180    2.3     130.35    3706.0    3192.9    72.0      16.628      61.5        
1290    2.2     130.36    3875.0    3338.8    72.0      15.936      61.6        
1730    1.9     130.38    4487.0    3867.1    72.0      13.89       62.2        
1000    2.5     130.43    3411.0    2941.2    72.0      18.01       61.3        
1930    1.8     130.46    4739.0    4087.1    72.0      13.21       62.4        
1420    2.1     130.56    4065.0    3508.2    72.0      15.232      61.7        
860     2.7     130.63    3164.0    2731.8    72.0      19.391      61.1        
800     2.8     130.66    3051.0    2635.3    72.0      20.096      61.0        
1090    2.4     130.73    3562.0    3077.6    72.0      17.279      61.2        
1570    2.0     130.74    4275.0    3694.1    72.0      14.535      61.8        
1740    1.9     130.76    4500.0    3889.4    72.0      13.858      62.0        
1940    1.8     130.8     4752.0    4108.2    72.0      13.184      62.3        
930     2.6     130.81    3290.0    2844.7    72.0      18.664      61.0        
1300    2.2     130.87    3890.0    3364.7    72.0      15.885      61.4        
1190    2.3     130.9     3721.0    3220.0    72.0      16.569      61.3        
1430    2.1     131.02    4080.0    3532.9    72.0      15.188      61.5        
1010    2.5     131.08    3428.0    2970.6    72.0      17.933      61.0        
1750    1.9     131.13    4513.0    3911.8    72.0      13.827      61.9        
1950    1.8     131.14    4764.0    4129.4    72.0      13.158      62.2        
1580    2.0     131.16    4288.0    3717.6    72.0      14.498      61.6        
1100    2.4     131.32    3578.0    3105.9    72.0      17.212      61.0        
1310    2.2     131.37    3905.0    3390.6    72.0      15.835      61.2        
870     2.7     131.39    3182.0    2763.5    72.0      19.292      60.8        
1200    2.3     131.45    3737.0    3247.1    72.0      16.51       61.0        
1960    1.8     131.47    4776.0    4150.6    72.0      13.132      62.0        
810     2.8     131.47    3070.0    2668.2    72.0      19.985      60.7        
1440    2.1     131.47    4094.0    3557.6    72.0      15.145      61.3        
1760    1.9     131.51    4526.0    3934.1    72.0      13.796      61.8        
940     2.6     131.51    3308.0    2875.3    72.0      18.577      60.8        
1590    2.0     131.57    4302.0    3741.2    72.0      14.461      61.5        
1020    2.5     131.73    3445.0    3000.0    72.0      17.857      60.7        
1970    1.8     131.81    4788.0    4171.8    72.0      13.106      61.9        
1320    2.2     131.87    3919.0    3416.5    72.0      15.785      61.0        
1770    1.9     131.88    4539.0    3956.5    72.0      13.766      61.6        
1110    2.4     131.92    3594.0    3134.1    72.0      17.145      60.8        
1450    2.1     131.93    4108.0    3582.4    72.0      15.103      61.2        
1600    2.0     131.99    4315.0    3764.7    72.0      14.425      61.3        
1210    2.3     131.99    3753.0    3274.1    72.0      16.453      60.8        
880     2.7     132.14    3200.0    2795.3    72.0      19.195      60.5        
1980    1.8     132.14    4800.0    4192.9    72.0      13.081      61.8        
950     2.6     132.21    3325.0    2905.9    72.0      18.491      60.5        
1780    1.9     132.25    4551.0    3978.8    72.0      13.735      61.5        
820     2.8     132.28    3089.0    2701.2    72.0      19.876      60.4        
1330    2.2     132.37    3934.0    3442.4    72.0      15.736      60.8        
1030    2.5     132.37    3462.0    3029.4    72.0      17.782      60.5        
1460    2.1     132.38    4122.0    3607.1    72.0      15.061      61.0        
1610    2.0     132.4     4329.0    3788.2    72.0      14.389      61.2        
1990    1.8     132.48    4812.0    4214.1    72.0      13.055      61.7        
1120    2.4     132.51    3610.0    3162.4    72.0      17.08       60.5        
1220    2.3     132.54    3768.0    3301.2    72.0      16.396      60.6        
1790    1.9     132.62    4564.0    4001.2    72.0      13.705      61.3        
1620    2.0     132.81    4342.0    3811.8    72.0      14.354      61.0        
2000    1.8     132.81    4825.0    4235.3    72.0      13.03       61.6        
1470    2.1     132.84    4136.0    3631.8    72.0      15.019      60.8        
1340    2.2     132.87    3949.0    3468.2    72.0      15.688      60.6        
890     2.7     132.89    3218.0    2827.1    72.0      19.1        60.2        
960     2.6     132.91    3343.0    2936.5    72.0      18.407      60.2        
1800    1.9     132.99    4577.0    4023.5    72.0      13.675      61.2        
1040    2.5     133.01    3479.0    3058.8    72.0      17.708      60.2        
1230    2.3     133.08    3783.0    3328.2    72.0      16.341      60.4        
830     2.8     133.09    3108.0    2734.1    72.0      19.769      60.0        
1130    2.4     133.1     3626.0    3190.6    72.0      17.016      60.3        
1630    2.0     133.22    4355.0    3835.3    72.0      14.319      60.9        
1480    2.1     133.29    4150.0    3656.5    72.0      14.978      60.7        
1350    2.2     133.36    3964.0    3494.1    72.0      15.64       60.5        
1810    1.9     133.36    4590.0    4045.9    72.0      13.646      61.1        
970     2.6     133.6     3360.0    2967.1    72.0      18.325      59.9        
1240    2.3     133.62    3799.0    3355.3    72.0      16.286      60.2        
1640    2.0     133.62    4369.0    3858.8    72.0      14.284      60.7        
900     2.7     133.64    3236.0    2858.8    72.0      19.007      59.9        
1050    2.5     133.65    3496.0    3088.2    72.0      17.636      60.0        
1140    2.4     133.69    3642.0    3218.8    72.0      16.953      60.1        
1820    1.9     133.73    4602.0    4068.2    72.0      13.617      60.9        
1490    2.1     133.74    4164.0    3681.2    72.0      14.937      60.5        
1360    2.2     133.85    3978.0    3520.0    72.0      15.593      60.3        
840     2.8     133.89    3127.0    2767.1    72.0      19.665      59.7        
1650    2.0     134.03    4382.0    3882.4    72.0      14.25       60.6        
1830    1.9     134.1     4615.0    4090.6    72.0      13.588      60.8        
1250    2.3     134.16    3814.0    3382.4    72.0      16.231      60.0        
1500    2.1     134.18    4178.0    3705.9    72.0      14.897      60.3        
1150    2.4     134.28    3658.0    3247.1    72.0      16.891      59.9        
980     2.6     134.28    3377.0    2997.6    72.0      18.244      59.7        
1060    2.5     134.29    3512.0    3117.6    72.0      17.565      59.8        
1370    2.2     134.34    3993.0    3545.9    72.0      15.546      60.1        
910     2.7     134.38    3254.0    2890.6    72.0      18.915      59.6        
1660    2.0     134.44    4395.0    3905.9    72.0      14.216      60.4        
1840    1.9     134.46    4628.0    4112.9    72.0      13.559      60.7        
1510    2.1     134.63    4192.0    3730.6    72.0      14.858      60.2        
850     2.8     134.68    3145.0    2800.0    72.0      19.562      59.4        
1260    2.3     134.69    3829.0    3409.4    72.0      16.178      59.8        
1850    1.9     134.83    4640.0    4135.3    72.0      13.531      60.6        
1380    2.2     134.83    4008.0    3571.8    72.0      15.5        59.9        
1670    2.0     134.84    4409.0    3929.4    72.0      14.182      60.3        
1160    2.4     134.86    3674.0    3275.3    72.0      16.829      59.6        
1070    2.5     134.92    3529.0    3147.1    72.0      17.495      59.5        
990     2.6     134.97    3394.0    3028.2    72.0      18.164      59.4        
1520    2.1     135.08    4206.0    3755.3    72.0      14.818      60.0        
920     2.7     135.11    3272.0    2922.4    72.0      18.825      59.3        
1860    1.9     135.19    4653.0    4157.6    72.0      13.503      60.4        
1270    2.3     135.23    3845.0    3436.5    72.0      16.125      59.6        
1680    2.0     135.24    4422.0    3952.9    72.0      14.149      60.2        
1390    2.2     135.32    4022.0    3597.6    72.0      15.454      59.7        
800     2.9     135.33    3051.0    2729.4    72.0      20.165      59.1        
1170    2.4     135.44    3690.0    3303.5    72.0      16.769      59.4        
860     2.8     135.47    3164.0    2832.9    72.0      19.462      59.1        
1530    2.1     135.52    4220.0    3780.0    72.0      14.779      59.9        
1080    2.5     135.55    3545.0    3176.5    72.0      17.426      59.3        
1870    1.9     135.55    4665.0    4180.0    72.0      13.475      60.3        
1690    2.0     135.65    4435.0    3976.5    72.0      14.116      60.0        
1000    2.6     135.65    3411.0    3058.8    72.0      18.086      59.2        
1280    2.3     135.76    3860.0    3463.5    72.0      16.073      59.4        
1400    2.2     135.81    4036.0    3623.5    72.0      15.409      59.6        
930     2.7     135.84    3290.0    2954.1    72.0      18.737      59.0        
1880    1.9     135.92    4678.0    4202.4    72.0      13.447      60.2        
1540    2.1     135.96    4234.0    3804.7    72.0      14.741      59.7        
1180    2.4     136.02    3706.0    3331.8    72.0      16.709      59.2        
1700    2.0     136.05    4448.0    4000.0    72.0      14.084      59.9        
810     2.9     136.17    3070.0    2763.5    72.0      20.054      58.8        
1090    2.5     136.17    3562.0    3205.9    72.0      17.358      59.0        
870     2.8     136.26    3182.0    2865.9    72.0      19.363      58.8        
1890    1.9     136.28    4690.0    4224.7    72.0      13.42       60.1        
1290    2.3     136.29    3875.0    3490.6    72.0      16.022      59.2        
1410    2.2     136.29    4051.0    3649.4    72.0      15.365      59.4        
1010    2.6     136.32    3428.0    3089.4    72.0      18.009      58.9        
1550    2.1     136.4     4247.0    3829.4    72.0      14.703      59.5        
1710    2.0     136.45    4461.0    4023.5    72.0      14.051      59.7        
940     2.7     136.57    3308.0    2985.9    72.0      18.65       58.7        
1190    2.4     136.59    3721.0    3360.0    72.0      16.651      59.0        
1900    1.9     136.64    4702.0    4247.1    72.0      13.393      59.9        
1420    2.2     136.77    4065.0    3675.3    72.0      15.321      59.2        
1100    2.5     136.8     3578.0    3235.3    72.0      17.291      58.8        
1300    2.3     136.82    3890.0    3517.6    72.0      15.971      59.1        
1560    2.1     136.84    4261.0    3854.1    72.0      14.666      59.4        
1720    2.0     136.85    4474.0    4047.1    72.0      14.019      59.6        
1910    1.9     137.0     4715.0    4269.4    72.0      13.366      59.8        
1020    2.6     137.0     3445.0    3120.0    72.0      17.933      58.7        
820     2.9     137.01    3089.0    2797.6    72.0      19.945      58.5        
880     2.8     137.04    3200.0    2898.8    72.0      19.267      58.5        
1200    2.4     137.16    3737.0    3388.2    72.0      16.593      58.8        
1730    2.0     137.24    4487.0    4070.6    72.0      13.988      59.5        
1430    2.2     137.25    4080.0    3701.2    72.0      15.278      59.1        
1570    2.1     137.28    4275.0    3878.8    72.0      14.629      59.2        
950     2.7     137.3     3325.0    3017.6    72.0      18.565      58.5        
1310    2.3     137.34    3905.0    3544.7    72.0      15.921      58.9        
1920    1.9     137.35    4727.0    4291.8    72.0      13.34       59.7        
1110    2.5     137.42    3594.0    3264.7    72.0      17.225      58.6        
1740    2.0     137.64    4500.0    4094.1    72.0      13.957      59.3        
1030    2.6     137.67    3462.0    3150.6    72.0      17.859      58.4        
1930    1.9     137.71    4739.0    4314.1    72.0      13.313      59.6        
1580    2.1     137.72    4288.0    3903.5    72.0      14.592      59.1        
1440    2.2     137.73    4094.0    3727.1    72.0      15.235      58.9        
1210    2.4     137.73    3753.0    3416.5    72.0      16.536      58.6        
890     2.8     137.81    3218.0    2931.8    72.0      19.172      58.2        
830     2.9     137.84    3108.0    2831.8    72.0      19.839      58.2        
1320    2.3     137.86    3919.0    3571.8    72.0      15.871      58.7        
960     2.7     138.02    3343.0    3049.4    72.0      18.482      58.2        
1750    2.0     138.03    4513.0    4117.6    72.0      13.926      59.2        
1120    2.5     138.03    3610.0    3294.1    72.0      17.16       58.4        
1940    1.9     138.07    4752.0    4336.5    72.0      13.287      59.5        
1590    2.1     138.15    4302.0    3928.2    72.0      14.556      58.9        
1450    2.2     138.21    4108.0    3752.9    72.0      15.193      58.7        
1220    2.4     138.3     3768.0    3444.7    72.0      16.48       58.4        
1040    2.6     138.33    3479.0    3181.2    72.0      17.785      58.2        
1330    2.3     138.39    3934.0    3598.8    72.0      15.823      58.5        
1950    1.9     138.42    4764.0    4358.8    72.0      13.261      59.4        
1760    2.0     138.43    4526.0    4141.2    72.0      13.895      59.1        
900     2.8     138.58    3236.0    2964.7    72.0      19.079      57.9        
1600    2.1     138.58    4315.0    3952.9    72.0      14.52       58.8        
1130    2.5     138.65    3626.0    3323.5    72.0      17.096      58.2        
840     2.9     138.67    3127.0    2865.9    72.0      19.735      57.9        
1460    2.2     138.69    4122.0    3778.8    72.0      15.151      58.6        
970     2.7     138.73    3360.0    3081.2    72.0      18.4        58.0        
1960    1.9     138.78    4776.0    4381.2    72.0      13.236      59.2        
1770    2.0     138.82    4539.0    4164.7    72.0      13.865      59.0        
1230    2.4     138.87    3783.0    3472.9    72.0      16.424      58.2        
1340    2.3     138.9     3949.0    3625.9    72.0      15.774      58.3        
1050    2.6     139.0     3496.0    3211.8    72.0      17.713      57.9        
1610    2.1     139.02    4329.0    3977.6    72.0      14.484      58.7        
1970    1.9     139.13    4788.0    4403.5    72.0      13.21       59.1        
1470    2.2     139.16    4136.0    3804.7    72.0      15.11       58.4        
1780    2.0     139.21    4551.0    4188.2    72.0      13.834      58.8        
1140    2.5     139.26    3642.0    3352.9    72.0      17.034      57.9        
910     2.8     139.35    3254.0    2997.6    72.0      18.988      57.7        
1350    2.3     139.42    3964.0    3652.9    72.0      15.727      58.2        
1240    2.4     139.43    3799.0    3501.2    72.0      16.369      58.0        
1620    2.1     139.45    4342.0    4002.4    72.0      14.449      58.5        
980     2.7     139.45    3377.0    3112.9    72.0      18.319      57.7        
1980    1.9     139.48    4800.0    4425.9    72.0      13.185      59.0        
850     2.9     139.49    3145.0    2900.0    72.0      19.633      57.6        
1790    2.0     139.6     4564.0    4211.8    72.0      13.805      58.7        
1480    2.2     139.63    4150.0    3830.6    72.0      15.069      58.3        
1060    2.6     139.66    3512.0    3242.4    72.0      17.643      57.7        
1990    1.9     139.83    4812.0    4448.2    72.0      13.16       58.9        
1150    2.5     139.87    3658.0    3382.4    72.0      16.972      57.7        
1630    2.1     139.88    4355.0    4027.1    72.0      14.414      58.4        
1360    2.3     139.94    3978.0    3680.0    72.0      15.68       58.0        
1800    2.0     139.99    4577.0    4235.3    72.0      13.775      58.6        
1250    2.4     139.99    3814.0    3529.4    72.0      16.315      57.8        
1490    2.2     140.1     4164.0    3856.5    72.0      15.029      58.1        
920     2.8     140.12    3272.0    3030.6    72.0      18.898      57.4        
990     2.7     140.16    3394.0    3144.7    72.0      18.24       57.5        
2000    1.9     140.19    4825.0    4470.6    72.0      13.135      58.8        
1640    2.1     140.31    4369.0    4051.8    72.0      14.38       58.2        
860     2.9     140.31    3164.0    2934.1    72.0      19.533      57.3        
1070    2.6     140.31    3529.0    3272.9    72.0      17.573      57.5        
1810    2.0     140.38    4590.0    4258.8    72.0      13.746      58.5        
1370    2.3     140.45    3993.0    3707.1    72.0      15.634      57.8        
1160    2.5     140.48    3674.0    3411.8    72.0      16.911      57.5        
1260    2.4     140.55    3829.0    3557.6    72.0      16.262      57.6        
1500    2.2     140.57    4178.0    3882.4    72.0      14.989      57.9        
1650    2.1     140.73    4382.0    4076.5    72.0      14.346      58.1        
1820    2.0     140.77    4602.0    4282.4    72.0      13.717      58.3        
1000    2.7     140.86    3411.0    3176.5    72.0      18.162      57.2        
930     2.8     140.88    3290.0    3063.5    72.0      18.81       57.1        
1380    2.3     140.96    4008.0    3734.1    72.0      15.588      57.6        
1080    2.6     140.97    3545.0    3303.5    72.0      17.504      57.3        
1510    2.2     141.04    4192.0    3908.2    72.0      14.949      57.8        
1170    2.5     141.08    3690.0    3441.2    72.0      16.851      57.3        
1270    2.4     141.11    3845.0    3585.9    72.0      16.21       57.4        
870     2.9     141.12    3182.0    2968.2    72.0      19.434      57.0        
1830    2.0     141.15    4615.0    4305.9    72.0      13.688      58.2        
1660    2.1     141.16    4395.0    4101.2    72.0      14.312      58.0        
1390    2.3     141.47    4022.0    3761.2    72.0      15.543      57.5        
1520    2.2     141.51    4206.0    3934.1    72.0      14.91       57.6        
1840    2.0     141.54    4628.0    4329.4    72.0      13.66       58.1        
1010    2.7     141.57    3428.0    3208.2    72.0      18.085      57.0        
1670    2.1     141.58    4409.0    4125.9    72.0      14.279      57.8        
1090    2.6     141.62    3562.0    3334.1    72.0      17.437      57.0        
940     2.8     141.63    3308.0    3096.5    72.0      18.724      56.9        
1280    2.4     141.66    3860.0    3614.1    72.0      16.158      57.3        
1180    2.5     141.68    3706.0    3470.6    72.0      16.791      57.1        
1850    2.0     141.92    4640.0    4352.9    72.0      13.632      58.0        
880     2.9     141.93    3200.0    3002.4    72.0      19.338      56.7        
1530    2.2     141.97    4220.0    3960.0    72.0      14.872      57.5        
1400    2.3     141.98    4036.0    3788.2    72.0      15.498      57.3        
1680    2.1     142.01    4422.0    4150.6    72.0      14.246      57.7        
1290    2.4     142.21    3875.0    3642.4    72.0      16.107      57.1        
1020    2.7     142.27    3445.0    3240.0    72.0      18.01       56.7        
1100    2.6     142.27    3578.0    3364.7    72.0      17.37       56.8        
1190    2.5     142.28    3721.0    3500.0    72.0      16.733      56.9        
1860    2.0     142.31    4653.0    4376.5    72.0      13.604      57.8        
950     2.8     142.38    3325.0    3129.4    72.0      18.639      56.6        
1690    2.1     142.43    4435.0    4175.3    72.0      14.213      57.6        
1540    2.2     142.44    4234.0    3985.9    72.0      14.834      57.3        
1410    2.3     142.49    4051.0    3815.3    72.0      15.454      57.1        
1870    2.0     142.69    4665.0    4400.0    72.0      13.577      57.7        
890     2.9     142.73    3218.0    3036.5    72.0      19.244      56.4        
1300    2.4     142.76    3890.0    3670.6    72.0      16.057      56.9        
1700    2.1     142.85    4448.0    4200.0    72.0      14.181      57.4        
1200    2.5     142.88    3737.0    3529.4    72.0      16.675      56.7        
1550    2.2     142.9     4247.0    4011.8    72.0      14.796      57.2        
1110    2.6     142.91    3594.0    3395.3    72.0      17.305      56.6        
1030    2.7     142.96    3462.0    3271.8    72.0      17.936      56.5        
1420    2.3     142.99    4065.0    3842.4    72.0      15.411      57.0        
1880    2.0     143.07    4678.0    4423.5    72.0      13.549      57.6        
960     2.8     143.13    3343.0    3162.4    72.0      18.556      56.4        
1710    2.1     143.27    4461.0    4224.7    72.0      14.149      57.3        
1310    2.4     143.31    3905.0    3698.8    72.0      16.007      56.7        
1560    2.2     143.36    4261.0    4037.6    72.0      14.759      57.1        
1890    2.0     143.45    4690.0    4447.1    72.0      13.522      57.5        
1210    2.5     143.47    3753.0    3558.8    72.0      16.619      56.5        
1430    2.3     143.49    4080.0    3869.4    72.0      15.368      56.8        
900     2.9     143.53    3236.0    3070.6    72.0      19.151      56.2        
1120    2.6     143.55    3610.0    3425.9    72.0      17.24       56.4        
1040    2.7     143.65    3479.0    3303.5    72.0      17.863      56.3        
1720    2.1     143.69    4474.0    4249.4    72.0      14.117      57.2        
1570    2.2     143.82    4275.0    4063.5    72.0      14.722      56.9        
1900    2.0     143.83    4702.0    4470.6    72.0      13.495      57.4        
1320    2.4     143.86    3919.0    3727.1    72.0      15.958      56.5        
970     2.8     143.87    3360.0    3195.3    72.0      18.474      56.1        
1440    2.3     143.99    4094.0    3896.5    72.0      15.325      56.7        
1220    2.5     144.06    3768.0    3588.2    72.0      16.563      56.3        
1730    2.1     144.1     4487.0    4274.1    72.0      14.086      57.0        
1130    2.6     144.19    3626.0    3456.5    72.0      17.177      56.2        
1910    2.0     144.21    4715.0    4494.1    72.0      13.469      57.3        
1580    2.2     144.27    4288.0    4089.4    72.0      14.686      56.8        
910     2.9     144.33    3254.0    3104.7    72.0      19.06       55.9        
1050    2.7     144.34    3496.0    3335.3    72.0      17.791      56.0        
1330    2.4     144.4     3934.0    3755.3    72.0      15.909      56.4        
1450    2.3     144.49    4108.0    3923.5    72.0      15.283      56.5        
1740    2.1     144.52    4500.0    4298.8    72.0      14.055      56.9        
1920    2.0     144.58    4727.0    4517.6    72.0      13.442      57.2        
980     2.8     144.61    3377.0    3228.2    72.0      18.394      55.9        
1230    2.5     144.65    3783.0    3617.6    72.0      16.508      56.2        
1590    2.2     144.73    4302.0    4115.3    72.0      14.65       56.6        
1140    2.6     144.83    3642.0    3487.1    72.0      17.114      56.0        
1750    2.1     144.94    4513.0    4323.5    72.0      14.024      56.8        
1340    2.4     144.94    3949.0    3783.5    72.0      15.861      56.2        
1930    2.0     144.96    4739.0    4541.2    72.0      13.416      57.0        
1460    2.3     144.99    4122.0    3950.6    72.0      15.242      56.4        
1060    2.7     145.03    3512.0    3367.1    72.0      17.72       55.8        
920     2.9     145.12    3272.0    3138.8    72.0      18.971      55.6        
1600    2.2     145.18    4315.0    4141.2    72.0      14.614      56.5        
1240    2.5     145.24    3799.0    3647.1    72.0      16.453      56.0        
1940    2.0     145.33    4752.0    4564.7    72.0      13.39       56.9        
1760    2.1     145.35    4526.0    4348.2    72.0      13.994      56.7        
990     2.8     145.35    3394.0    3261.2    72.0      18.315      55.6        
1150    2.6     145.46    3658.0    3517.6    72.0      17.053      55.8        
1350    2.4     145.48    3964.0    3811.8    72.0      15.814      56.0        
1470    2.3     145.49    4136.0    3977.6    72.0      15.201      56.2        
1610    2.2     145.64    4329.0    4167.1    72.0      14.579      56.4        
1950    2.0     145.71    4764.0    4588.2    72.0      13.365      56.8        
1070    2.7     145.71    3529.0    3398.8    72.0      17.651      55.6        
1770    2.1     145.76    4539.0    4372.9    72.0      13.964      56.5        
1250    2.5     145.82    3814.0    3676.5    72.0      16.4        55.8        
930     2.9     145.91    3290.0    3172.9    72.0      18.884      55.4        
1480    2.3     145.98    4150.0    4004.7    72.0      15.16       56.1        
1360    2.4     146.02    3978.0    3840.0    72.0      15.768      55.9        
1960    2.0     146.08    4776.0    4611.8    72.0      13.339      56.7        
1000    2.8     146.08    3411.0    3294.1    72.0      18.237      55.4        
1620    2.2     146.09    4342.0    4192.9    72.0      14.544      56.2        
1160    2.6     146.1     3674.0    3548.2    72.0      16.992      55.6        
1780    2.1     146.17    4551.0    4397.6    72.0      13.934      56.4        
1080    2.7     146.39    3545.0    3430.6    72.0      17.583      55.4        
1260    2.5     146.41    3829.0    3705.9    72.0      16.347      55.6        
1970    2.0     146.45    4788.0    4635.3    72.0      13.314      56.6        
1490    2.3     146.47    4164.0    4031.8    72.0      15.12       55.9        
1630    2.2     146.54    4355.0    4218.8    72.0      14.509      56.1        
1370    2.4     146.56    3993.0    3868.2    72.0      15.721      55.7        
1790    2.1     146.58    4564.0    4422.4    72.0      13.904      56.3        
940     2.9     146.69    3308.0    3207.1    72.0      18.798      55.1        
1170    2.6     146.72    3690.0    3578.8    72.0      16.932      55.4        
1010    2.8     146.81    3428.0    3327.1    72.0      18.161      55.2        
1980    2.0     146.82    4800.0    4658.8    72.0      13.289      56.5        
1500    2.3     146.96    4178.0    4058.8    72.0      15.08       55.8        
1270    2.5     146.99    3845.0    3735.3    72.0      16.295      55.4        
1640    2.2     146.99    4369.0    4244.7    72.0      14.475      56.0        
1800    2.1     146.99    4577.0    4447.1    72.0      13.875      56.2        
1090    2.7     147.07    3562.0    3462.4    72.0      17.516      55.2        
1380    2.4     147.09    4008.0    3896.5    72.0      15.676      55.5        
1990    2.0     147.19    4812.0    4682.4    72.0      13.265      56.4        
1180    2.6     147.35    3706.0    3609.4    72.0      16.873      55.2        
1810    2.1     147.4     4590.0    4471.8    72.0      13.846      56.1        
1650    2.2     147.43    4382.0    4270.6    72.0      14.441      55.8        
1510    2.3     147.45    4192.0    4085.9    72.0      15.041      55.6        
950     2.9     147.47    3325.0    3241.2    72.0      18.713      54.9        
1020    2.8     147.53    3445.0    3360.0    72.0      18.086      54.9        
1280    2.5     147.56    3860.0    3764.7    72.0      16.243      55.3        
2000    2.0     147.56    4825.0    4705.9    72.0      13.24       56.3        
1390    2.4     147.62    4022.0    3924.7    72.0      15.631      55.4        
1100    2.7     147.74    3578.0    3494.1    72.0      17.449      55.0        
1820    2.1     147.81    4602.0    4496.5    72.0      13.817      56.0        
1660    2.2     147.88    4395.0    4296.5    72.0      14.408      55.7        
1520    2.3     147.94    4206.0    4112.9    72.0      15.003      55.5        
1190    2.6     147.97    3721.0    3640.0    72.0      16.815      55.0        
1290    2.5     148.14    3875.0    3794.1    72.0      16.192      55.1        
1400    2.4     148.15    4036.0    3952.9    72.0      15.587      55.2        
1830    2.1     148.21    4615.0    4521.2    72.0      13.789      55.8        
960     2.9     148.24    3343.0    3275.3    72.0      18.631      54.6        
1030    2.8     148.26    3462.0    3392.9    72.0      18.012      54.7        
1670    2.2     148.33    4409.0    4322.4    72.0      14.375      55.6        
1110    2.7     148.41    3594.0    3525.9    72.0      17.384      54.8        
1530    2.3     148.43    4220.0    4140.0    72.0      14.964      55.3        
1200    2.6     148.59    3737.0    3670.6    72.0      16.758      54.8        
1840    2.1     148.62    4628.0    4545.9    72.0      13.761      55.7        
1410    2.4     148.68    4051.0    3981.2    72.0      15.543      55.1        
1300    2.5     148.71    3890.0    3823.5    72.0      16.142      54.9        
1680    2.2     148.77    4422.0    4348.2    72.0      14.342      55.4        
1540    2.3     148.91    4234.0    4167.1    72.0      14.927      55.2        
1040    2.8     148.97    3479.0    3425.9    72.0      17.94       54.5        
970     2.9     149.01    3360.0    3309.4    72.0      18.549      54.4        
1850    2.1     149.02    4640.0    4570.6    72.0      13.733      55.6        
1120    2.7     149.08    3610.0    3557.6    72.0      17.32       54.6        
1420    2.4     149.21    4065.0    4009.4    72.0      15.5        54.9        
1690    2.2     149.21    4435.0    4374.1    72.0      14.31       55.3        
1210    2.6     149.21    3753.0    3701.2    72.0      16.701      54.6        
1310    2.5     149.28    3905.0    3852.9    72.0      16.093      54.7        
1550    2.3     149.39    4247.0    4194.1    72.0      14.889      55.1        
1860    2.1     149.42    4653.0    4595.3    72.0      13.705      55.5        
1700    2.2     149.65    4448.0    4400.0    72.0      14.278      55.2        
1050    2.8     149.69    3496.0    3458.8    72.0      17.869      54.3        
1430    2.4     149.73    4080.0    4037.6    72.0      15.457      54.8        
1130    2.7     149.74    3626.0    3589.4    72.0      17.257      54.4        
980     2.9     149.78    3377.0    3343.5    72.0      18.469      54.2        
1870    2.1     149.82    4665.0    4620.0    72.0      13.678      55.4        
1220    2.6     149.83    3768.0    3731.8    72.0      16.646      54.4        
1320    2.5     149.85    3919.0    3882.4    72.0      16.044      54.6        
1560    2.3     149.87    4261.0    4221.2    72.0      14.852      54.9        
1710    2.2     150.09    4461.0    4425.9    72.0      14.246      55.1        
1880    2.1     150.22    4678.0    4644.7    72.0      13.651      55.3        
1440    2.4     150.25    4094.0    4065.9    72.0      15.415      54.6        
1570    2.3     150.35    4275.0    4248.2    72.0      14.816      54.8        
1060    2.8     150.4     3512.0    3491.8    72.0      17.798      54.1        
1140    2.7     150.4     3642.0    3621.2    72.0      17.195      54.2        
1330    2.5     150.42    3934.0    3911.8    72.0      15.996      54.4        
1230    2.6     150.44    3783.0    3762.4    72.0      16.591      54.3        
1720    2.2     150.53    4474.0    4451.8    72.0      14.215      54.9        
990     2.9     150.54    3394.0    3377.6    72.0      18.391      53.9        
1890    2.1     150.62    4690.0    4669.4    72.0      13.624      55.2        
1450    2.4     150.78    4108.0    4094.1    72.0      15.373      54.5        
1580    2.3     150.83    4288.0    4275.3    72.0      14.779      54.6        
1730    2.2     150.97    4487.0    4477.6    72.0      14.184      54.8        
1340    2.5     150.98    3949.0    3941.2    72.0      15.948      54.3        
1900    2.1     151.02    4702.0    4694.1    72.0      13.598      55.1        
1240    2.6     151.05    3799.0    3792.9    72.0      16.537      54.1        
1150    2.7     151.06    3658.0    3652.9    72.0      17.133      54.0        
1070    2.8     151.11    3529.0    3524.7    72.0      17.729      53.8        
1460    2.4     151.29    4122.0    4122.4    72.0      15.332      54.3        
1000    2.9     151.3     3411.0    3411.8    72.0      18.313      53.7        
1590    2.3     151.31    4302.0    4302.4    72.0      14.744      54.5        
1740    2.2     151.4     4500.0    4503.5    72.0      14.153      54.7        
1910    2.1     151.42    4715.0    4718.8    72.0      13.571      55.0        
1350    2.5     151.55    3964.0    3970.6    72.0      15.901      54.1        
1250    2.6     151.66    3814.0    3823.5    72.0      16.484      53.9        
1160    2.7     151.71    3674.0    3684.7    72.0      17.073      53.8        
1600    2.3     151.78    4315.0    4329.4    72.0      14.708      54.4        
1920    2.1     151.81    4727.0    4743.5    72.0      13.545      54.9        
1080    2.8     151.81    3545.0    3557.6    72.0      17.661      53.6        
1470    2.4     151.81    4136.0    4150.6    72.0      15.291      54.2        
1750    2.2     151.84    4513.0    4529.4    72.0      14.123      54.6        
1010    2.9     152.05    3428.0    3445.9    72.0      18.237      53.5        
1360    2.5     152.11    3978.0    4000.0    72.0      15.855      53.9        
1930    2.1     152.21    4739.0    4768.2    72.0      13.519      54.7        
1610    2.3     152.26    4329.0    4356.5    72.0      14.673      54.3        
1260    2.6     152.26    3829.0    3854.1    72.0      16.431      53.7        
1760    2.2     152.27    4526.0    4555.3    72.0      14.092      54.5        
1480    2.4     152.33    4150.0    4178.8    72.0      15.251      54.0        
1170    2.7     152.37    3690.0    3716.5    72.0      17.014      53.6        
1090    2.8     152.51    3562.0    3590.6    72.0      17.594      53.4        
1940    2.1     152.6     4752.0    4792.9    72.0      13.494      54.6        
1370    2.5     152.66    3993.0    4029.4    72.0      15.809      53.8        
1770    2.2     152.7     4539.0    4581.2    72.0      14.063      54.4        
1620    2.3     152.73    4342.0    4383.5    72.0      14.639      54.1        
1020    2.9     152.8     3445.0    3480.0    72.0      18.163      53.3        
1490    2.4     152.84    4164.0    4207.1    72.0      15.211      53.9        
1270    2.6     152.87    3845.0    3884.7    72.0      16.379      53.6        
1950    2.1     152.99    4764.0    4817.6    72.0      13.468      54.5        
1180    2.7     153.02    3706.0    3748.2    72.0      16.955      53.4        
1780    2.2     153.13    4551.0    4607.1    72.0      14.033      54.2        
1630    2.3     153.2     4355.0    4410.6    72.0      14.605      54.0        
1100    2.8     153.21    3578.0    3623.5    72.0      17.529      53.2        
1380    2.5     153.22    4008.0    4058.8    72.0      15.764      53.6        
1500    2.4     153.35    4178.0    4235.3    72.0      15.172      53.8        
1960    2.1     153.38    4776.0    4842.4    72.0      13.443      54.4        
1280    2.6     153.47    3860.0    3915.3    72.0      16.328      53.4        
1030    2.9     153.55    3462.0    3514.1    72.0      18.089      53.0        
1790    2.2     153.56    4564.0    4632.9    72.0      14.004      54.1        
1190    2.7     153.66    3721.0    3780.0    72.0      16.897      53.2        
1640    2.3     153.67    4369.0    4437.6    72.0      14.571      53.9        
1390    2.5     153.77    4022.0    4088.2    72.0      15.72       53.5        
1970    2.1     153.78    4788.0    4867.1    72.0      13.418      54.3        
1510    2.4     153.86    4192.0    4263.5    72.0      15.133      53.6        
1110    2.8     153.91    3594.0    3656.5    72.0      17.464      53.0        
1800    2.2     153.99    4577.0    4658.8    72.0      13.975      54.0        
1290    2.6     154.06    3875.0    3945.9    72.0      16.278      53.2        
1650    2.3     154.14    4382.0    4464.7    72.0      14.537      53.8        
1980    2.1     154.17    4800.0    4891.8    72.0      13.394      54.2        
1040    2.9     154.29    3479.0    3548.2    72.0      18.017      52.8        
1200    2.7     154.31    3737.0    3811.8    72.0      16.84       53.0        
1400    2.5     154.33    4036.0    4117.6    72.0      15.675      53.3        
1520    2.4     154.37    4206.0    4291.8    72.0      15.095      53.5        
1810    2.2     154.42    4590.0    4684.7    72.0      13.946      53.9        
1990    2.1     154.55    4812.0    4916.5    72.0      13.369      54.1        
1120    2.8     154.6     3610.0    3689.4    72.0      17.4        52.8        
1660    2.3     154.6     4395.0    4491.8    72.0      14.504      53.6        
1300    2.6     154.66    3890.0    3976.5    72.0      16.228      53.1        
1820    2.2     154.84    4602.0    4710.6    72.0      13.918      53.8        
1410    2.5     154.88    4051.0    4147.1    72.0      15.632      53.2        
1530    2.4     154.88    4220.0    4320.0    72.0      15.057      53.4        
2000    2.1     154.94    4825.0    4941.2    72.0      13.345      54.0        
1210    2.7     154.95    3753.0    3843.5    72.0      16.784      52.9        
1050    2.9     155.03    3496.0    3582.4    72.0      17.946      52.6        
1670    2.3     155.07    4409.0    4518.8    72.0      14.471      53.5        
1310    2.6     155.25    3905.0    4007.1    72.0      16.179      52.9        
1830    2.2     155.27    4615.0    4736.5    72.0      13.89       53.7        
1130    2.8     155.29    3626.0    3722.4    72.0      17.337      52.7        
1540    2.4     155.38    4234.0    4348.2    72.0      15.019      53.2        
1420    2.5     155.42    4065.0    4176.5    72.0      15.589      53.0        
1680    2.3     155.53    4422.0    4545.9    72.0      14.439      53.4        
1220    2.7     155.59    3768.0    3875.3    72.0      16.729      52.7        
1840    2.2     155.69    4628.0    4762.4    72.0      13.862      53.6        
1060    2.9     155.77    3512.0    3616.5    72.0      17.876      52.4        
1320    2.6     155.85    3919.0    4037.6    72.0      16.13       52.8        
1550    2.4     155.89    4247.0    4376.5    72.0      14.982      53.1        
1430    2.5     155.97    4080.0    4205.9    72.0      15.547      52.9        
1140    2.8     155.97    3642.0    3755.3    72.0      17.275      52.5        
1690    2.3     155.99    4435.0    4572.9    72.0      14.407      53.3        
1850    2.2     156.11    4640.0    4788.2    72.0      13.834      53.5        
1230    2.7     156.23    3783.0    3907.1    72.0      16.675      52.5        
1560    2.4     156.39    4261.0    4404.7    72.0      14.945      53.0        
1330    2.6     156.44    3934.0    4068.2    72.0      16.082      52.6        
1700    2.3     156.45    4448.0    4600.0    72.0      14.375      53.2        
1070    2.9     156.5     3529.0    3650.6    72.0      17.808      52.2        
1440    2.5     156.52    4094.0    4235.3    72.0      15.505      52.7        
1860    2.2     156.54    4653.0    4814.1    72.0      13.807      53.4        
1150    2.8     156.65    3658.0    3788.2    72.0      17.214      52.3        
1240    2.7     156.86    3799.0    3938.8    72.0      16.621      52.4        
1570    2.4     156.89    4275.0    4432.9    72.0      14.909      52.8        
1710    2.3     156.91    4461.0    4627.1    72.0      14.344      53.0        
1870    2.2     156.96    4665.0    4840.0    72.0      13.78       53.3        
1340    2.6     157.02    3949.0    4098.8    72.0      16.035      52.4        
1450    2.5     157.06    4108.0    4264.7    72.0      15.463      52.6        
1080    2.9     157.23    3545.0    3684.7    72.0      17.74       52.0        
1160    2.8     157.33    3674.0    3821.2    72.0      17.154      52.1        
1720    2.3     157.37    4474.0    4654.1    72.0      14.312      52.9        
1880    2.2     157.38    4678.0    4865.9    72.0      13.753      53.2        
1580    2.4     157.39    4288.0    4461.2    72.0      14.873      52.7        
1250    2.7     157.49    3814.0    3970.6    72.0      16.568      52.2        
1460    2.5     157.6     4122.0    4294.1    72.0      15.422      52.5        
1350    2.6     157.61    3964.0    4129.4    72.0      15.988      52.3        
1890    2.2     157.79    4690.0    4891.8    72.0      13.726      53.1        
1730    2.3     157.83    4487.0    4681.2    72.0      14.282      52.8        
1590    2.4     157.89    4302.0    4489.4    72.0      14.838      52.6        
1090    2.9     157.96    3562.0    3718.8    72.0      17.673      51.8        
1170    2.8     158.01    3690.0    3854.1    72.0      17.095      51.9        
1260    2.7     158.12    3829.0    4002.4    72.0      16.516      52.0        
1470    2.5     158.14    4136.0    4323.5    72.0      15.382      52.3        
1360    2.6     158.19    3978.0    4160.0    72.0      15.942      52.1        
1900    2.2     158.21    4702.0    4917.6    72.0      13.7        53.0        
1740    2.3     158.28    4500.0    4708.2    72.0      14.251      52.7        
1600    2.4     158.38    4315.0    4517.6    72.0      14.803      52.5        
1910    2.2     158.63    4715.0    4943.5    72.0      13.674      52.9        
1480    2.5     158.67    4150.0    4352.9    72.0      15.342      52.2        
1100    2.9     158.68    3578.0    3752.9    72.0      17.608      51.6        
1180    2.8     158.68    3706.0    3887.1    72.0      17.037      51.7        
1750    2.3     158.74    4513.0    4735.3    72.0      14.221      52.6        
1270    2.7     158.75    3845.0    4034.1    72.0      16.464      51.9        
1370    2.6     158.77    3993.0    4190.6    72.0      15.897      52.0        
1610    2.4     158.88    4329.0    4545.9    72.0      14.768      52.3        
1920    2.2     159.04    4727.0    4969.4    72.0      13.648      52.8        
1760    2.3     159.19    4526.0    4762.4    72.0      14.191      52.5        
1490    2.5     159.21    4164.0    4382.4    72.0      15.303      52.1        
1380    2.6     159.35    4008.0    4221.2    72.0      15.852      51.9        
1190    2.8     159.36    3721.0    3920.0    72.0      16.98       51.6        
1280    2.7     159.37    3860.0    4065.9    72.0      16.413      51.7        
1620    2.4     159.37    4342.0    4574.1    72.0      14.734      52.2        
1110    2.9     159.4     3594.0    3787.1    72.0      17.543      51.4        
1930    2.2     159.45    4739.0    4995.3    72.0      13.623      52.7        
1770    2.3     159.64    4539.0    4789.4    72.0      14.162      52.4        
1500    2.5     159.74    4178.0    4411.8    72.0      15.264      51.9        
1630    2.4     159.86    4355.0    4602.4    72.0      14.7        52.1        
1940    2.2     159.87    4752.0    5021.2    72.0      13.597      52.6        
1390    2.6     159.92    4022.0    4251.8    72.0      15.808      51.7        
1290    2.7     159.99    3875.0    4097.6    72.0      16.363      51.5        
1200    2.8     160.02    3737.0    3952.9    72.0      16.923      51.4        
1780    2.3     160.09    4551.0    4816.5    72.0      14.132      52.3        
1120    2.9     160.12    3610.0    3821.2    72.0      17.48       51.3        
1510    2.5     160.27    4192.0    4441.2    72.0      15.225      51.8        
1950    2.2     160.28    4764.0    5047.1    72.0      13.572      52.5        
1640    2.4     160.35    4369.0    4630.6    72.0      14.666      52.0        
1400    2.6     160.5     4036.0    4282.4    72.0      15.764      51.6        
1790    2.3     160.54    4564.0    4843.5    72.0      14.103      52.1        
1300    2.7     160.61    3890.0    4129.4    72.0      16.313      51.4        
1960    2.2     160.69    4776.0    5072.9    72.0      13.547      52.4        
1210    2.8     160.69    3753.0    3985.9    72.0      16.867      51.2        
1520    2.5     160.8     4206.0    4470.6    72.0      15.187      51.7        
1130    2.9     160.83    3626.0    3855.3    72.0      17.417      51.1        
1650    2.4     160.84    4382.0    4658.8    72.0      14.633      51.9        
1800    2.3     160.99    4577.0    4870.6    72.0      14.075      52.0        
1410    2.6     161.07    4051.0    4312.9    72.0      15.721      51.4        
1970    2.2     161.1     4788.0    5098.8    72.0      13.523      52.3        
1310    2.7     161.23    3905.0    4161.2    72.0      16.265      51.2        
1660    2.4     161.32    4395.0    4687.1    72.0      14.6        51.7        
1530    2.5     161.33    4220.0    4500.0    72.0      15.149      51.5        
1220    2.8     161.35    3768.0    4018.8    72.0      16.812      51.1        
1810    2.3     161.44    4590.0    4897.6    72.0      14.046      51.9        
1980    2.2     161.51    4800.0    5124.7    72.0      13.498      52.2        
1140    2.9     161.54    3642.0    3889.4    72.0      17.356      50.9        
1420    2.6     161.64    4065.0    4343.5    72.0      15.678      51.3        
1670    2.4     161.81    4409.0    4715.3    72.0      14.568      51.6        
1320    2.7     161.84    3919.0    4192.9    72.0      16.216      51.1        
1540    2.5     161.86    4234.0    4529.4    72.0      15.112      51.4        
1820    2.3     161.88    4602.0    4924.7    72.0      14.018      51.8        
1990    2.2     161.91    4812.0    5150.6    72.0      13.474      52.1        
1230    2.8     162.01    3783.0    4051.8    72.0      16.758      50.9        
1430    2.6     162.21    4080.0    4374.1    72.0      15.636      51.1        
1150    2.9     162.25    3658.0    3923.5    72.0      17.295      50.7        
1680    2.4     162.29    4422.0    4743.5    72.0      14.535      51.5        
2000    2.2     162.32    4825.0    5176.5    72.0      13.45       52.0        
1830    2.3     162.33    4615.0    4951.8    72.0      13.99       51.7        
1550    2.5     162.38    4247.0    4558.8    72.0      15.075      51.3        
1330    2.7     162.45    3934.0    4224.7    72.0      16.169      50.9        
1240    2.8     162.67    3799.0    4084.7    72.0      16.705      50.7        
1840    2.3     162.77    4628.0    4978.8    72.0      13.963      51.6        
1440    2.6     162.78    4094.0    4404.7    72.0      15.595      51.0        
1690    2.4     162.78    4435.0    4771.8    72.0      14.504      51.4        
1560    2.5     162.91    4261.0    4588.2    72.0      15.039      51.2        
1160    2.9     162.95    3674.0    3957.6    72.0      17.236      50.5        
1340    2.7     163.06    3949.0    4256.5    72.0      16.122      50.8        
1850    2.3     163.21    4640.0    5005.9    72.0      13.935      51.5        
1700    2.4     163.26    4448.0    4800.0    72.0      14.472      51.3        
1250    2.8     163.32    3814.0    4117.6    72.0      16.652      50.6        
1450    2.6     163.34    4108.0    4435.3    72.0      15.553      50.9        
1570    2.5     163.43    4275.0    4617.6    72.0      15.003      51.0        
1860    2.3     163.65    4653.0    5032.9    72.0      13.908      51.4        
1170    2.9     163.65    3690.0    3991.8    72.0      17.177      50.4        
1350    2.7     163.67    3964.0    4288.2    72.0      16.076      50.6        
1710    2.4     163.74    4461.0    4828.2    72.0      14.441      51.2        
1460    2.6     163.9     4122.0    4465.9    72.0      15.513      50.7        
1580    2.5     163.95    4288.0    4647.1    72.0      14.967      50.9        
1260    2.8     163.98    3829.0    4150.6    72.0      16.6        50.4        
1870    2.3     164.09    4665.0    5060.0    72.0      13.881      51.3        
1720    2.4     164.21    4474.0    4856.5    72.0      14.41       51.1        
1360    2.7     164.27    3978.0    4320.0    72.0      16.03       50.5        
1180    2.9     164.35    3706.0    4025.9    72.0      17.119      50.2        
1470    2.6     164.46    4136.0    4496.5    72.0      15.473      50.6        
1590    2.5     164.47    4302.0    4676.5    72.0      14.932      50.8        
1880    2.3     164.53    4678.0    5087.1    72.0      13.855      51.2        
1270    2.8     164.62    3845.0    4183.5    72.0      16.549      50.3        
1730    2.4     164.69    4487.0    4884.7    72.0      14.38       51.0        
1370    2.7     164.88    3993.0    4351.8    72.0      15.985      50.3        
1890    2.3     164.97    4690.0    5114.1    72.0      13.828      51.1        
1600    2.5     164.98    4315.0    4705.9    72.0      14.897      50.7        
1480    2.6     165.02    4150.0    4527.1    72.0      15.433      50.5        
1190    2.9     165.05    3721.0    4060.0    72.0      17.062      50.0        
1740    2.4     165.17    4500.0    4912.9    72.0      14.349      50.8        
1280    2.8     165.27    3860.0    4216.5    72.0      16.498      50.1        
1900    2.3     165.4     4702.0    5141.2    72.0      13.802      51.0        
1380    2.7     165.48    4008.0    4383.5    72.0      15.94       50.2        
1610    2.5     165.5     4329.0    4735.3    72.0      14.863      50.6        
1490    2.6     165.58    4164.0    4557.6    72.0      15.394      50.4        
1750    2.4     165.64    4513.0    4941.2    72.0      14.319      50.7        
1200    2.9     165.74    3737.0    4094.1    72.0      17.005      49.9        
1910    2.3     165.84    4715.0    5168.2    72.0      13.777      50.9        
1290    2.8     165.92    3875.0    4249.4    72.0      16.448      50.0        
1620    2.5     166.01    4342.0    4764.7    72.0      14.829      50.4        
1390    2.7     166.08    4022.0    4415.3    72.0      15.896      50.1        
1760    2.4     166.11    4526.0    4969.4    72.0      14.29       50.6        
1500    2.6     166.13    4178.0    4588.2    72.0      15.355      50.2        
1920    2.3     166.27    4727.0    5195.3    72.0      13.751      50.8        
1210    2.9     166.43    3753.0    4128.2    72.0      16.95       49.7        
1630    2.5     166.52    4355.0    4794.1    72.0      14.795      50.3        
1300    2.8     166.56    3890.0    4282.4    72.0      16.399      49.8        
1770    2.4     166.58    4539.0    4997.6    72.0      14.261      50.5        
1400    2.7     166.67    4036.0    4447.1    72.0      15.853      49.9        
1510    2.6     166.69    4192.0    4618.8    72.0      15.317      50.1        
1930    2.3     166.7     4739.0    5222.4    72.0      13.726      50.8        
1640    2.5     167.03    4369.0    4823.5    72.0      14.762      50.2        
1780    2.4     167.05    4551.0    5025.9    72.0      14.232      50.4        
1220    2.9     167.11    3768.0    4162.4    72.0      16.895      49.5        
1940    2.3     167.13    4752.0    5249.4    72.0      13.701      50.7        
1310    2.8     167.2     3905.0    4315.3    72.0      16.351      49.7        
1520    2.6     167.24    4206.0    4649.4    72.0      15.279      50.0        
1410    2.7     167.27    4051.0    4478.8    72.0      15.81       49.8        
1790    2.4     167.52    4564.0    5054.1    72.0      14.203      50.3        
1650    2.5     167.54    4382.0    4852.9    72.0      14.729      50.1        
1950    2.3     167.56    4764.0    5276.5    72.0      13.676      50.6        
1530    2.6     167.79    4220.0    4680.0    72.0      15.242      49.9        
1230    2.9     167.8     3783.0    4196.5    72.0      16.841      49.4        
1320    2.8     167.83    3919.0    4348.2    72.0      16.303      49.5        
1420    2.7     167.86    4065.0    4510.6    72.0      15.768      49.7        
1800    2.4     167.99    4577.0    5082.4    72.0      14.174      50.2        
1960    2.3     167.99    4776.0    5303.5    72.0      13.651      50.5        
1660    2.5     168.05    4395.0    4882.4    72.0      14.696      50.0        
1540    2.6     168.33    4234.0    4710.6    72.0      15.205      49.7        
1970    2.3     168.42    4788.0    5330.6    72.0      13.627      50.4        
1430    2.7     168.45    4080.0    4542.4    72.0      15.726      49.5        
1810    2.4     168.46    4590.0    5110.6    72.0      14.146      50.1        
1330    2.8     168.47    3934.0    4381.2    72.0      16.255      49.4        
1240    2.9     168.48    3799.0    4230.6    72.0      16.788      49.2        
1670    2.5     168.55    4409.0    4911.8    72.0      14.664      49.9        
1980    2.3     168.85    4800.0    5357.6    72.0      13.602      50.3        
1550    2.6     168.88    4247.0    4741.2    72.0      15.168      49.6        
1820    2.4     168.92    4602.0    5138.8    72.0      14.118      50.0        
1440    2.7     169.04    4094.0    4574.1    72.0      15.684      49.4        
1680    2.5     169.06    4422.0    4941.2    72.0      14.632      49.8        
1340    2.8     169.1     3949.0    4414.1    72.0      16.209      49.2        
1250    2.9     169.16    3814.0    4264.7    72.0      16.736      49.1        
1990    2.3     169.27    4812.0    5384.7    72.0      13.578      50.2        
1830    2.4     169.38    4615.0    5167.1    72.0      14.091      49.9        
1560    2.6     169.42    4261.0    4771.8    72.0      15.132      49.5        
1690    2.5     169.56    4435.0    4970.6    72.0      14.601      49.7        
1450    2.7     169.62    4108.0    4605.9    72.0      15.644      49.3        
2000    2.3     169.7     4825.0    5411.8    72.0      13.555      50.1        
1350    2.8     169.73    3964.0    4447.1    72.0      16.163      49.1        
1260    2.9     169.83    3829.0    4298.8    72.0      16.684      48.9        
1840    2.4     169.85    4628.0    5195.3    72.0      14.063      49.8        
1570    2.6     169.96    4275.0    4802.4    72.0      15.096      49.4        
1700    2.5     170.06    4448.0    5000.0    72.0      14.569      49.6        
1460    2.7     170.21    4122.0    4637.6    72.0      15.603      49.1        
1850    2.4     170.31    4640.0    5223.5    72.0      14.036      49.7        
1360    2.8     170.36    3978.0    4480.0    72.0      16.117      49.0        
1270    2.9     170.5     3845.0    4332.9    72.0      16.633      48.8        
1580    2.6     170.51    4288.0    4832.9    72.0      15.061      49.3        
1710    2.5     170.56    4461.0    5029.4    72.0      14.538      49.5        
1860    2.4     170.77    4653.0    5251.8    72.0      14.009      49.6        
1470    2.7     170.79    4136.0    4669.4    72.0      15.563      49.0        
1370    2.8     170.98    3993.0    4512.9    72.0      16.073      48.8        
1590    2.6     171.04    4302.0    4863.5    72.0      15.026      49.1        
1720    2.5     171.06    4474.0    5058.8    72.0      14.508      49.4        
1280    2.9     171.17    3860.0    4367.1    72.0      16.583      48.6        
1870    2.4     171.23    4665.0    5280.0    72.0      13.983      49.5        
1480    2.7     171.37    4150.0    4701.2    72.0      15.524      48.9        
1730    2.5     171.55    4487.0    5088.2    72.0      14.478      49.2        
1600    2.6     171.58    4315.0    4894.1    72.0      14.992      49.0        
1380    2.8     171.61    4008.0    4545.9    72.0      16.028      48.7        
1880    2.4     171.68    4678.0    5308.2    72.0      13.957      49.5        
1290    2.9     171.84    3875.0    4401.2    72.0      16.534      48.5        
1490    2.7     171.95    4164.0    4732.9    72.0      15.485      48.8        
1740    2.5     172.05    4500.0    5117.6    72.0      14.448      49.1        
1610    2.6     172.12    4329.0    4924.7    72.0      14.957      48.9        
1890    2.4     172.14    4690.0    5336.5    72.0      13.931      49.4        
1390    2.8     172.23    4022.0    4578.8    72.0      15.985      48.6        
1300    2.9     172.51    3890.0    4435.3    72.0      16.485      48.3        
1500    2.7     172.52    4178.0    4764.7    72.0      15.447      48.7        
1750    2.5     172.54    4513.0    5147.1    72.0      14.418      49.0        
1900    2.4     172.59    4702.0    5364.7    72.0      13.905      49.3        
1620    2.6     172.65    4342.0    4955.3    72.0      14.924      48.8        
1400    2.8     172.85    4036.0    4611.8    72.0      15.941      48.4        
1760    2.5     173.03    4526.0    5176.5    72.0      14.389      48.9        
1910    2.4     173.05    4715.0    5392.9    72.0      13.879      49.2        
1510    2.7     173.1     4192.0    4796.5    72.0      15.409      48.5        
1310    2.9     173.17    3905.0    4469.4    72.0      16.437      48.2        
1630    2.6     173.18    4355.0    4985.9    72.0      14.89       48.7        
1410    2.8     173.46    4051.0    4644.7    72.0      15.899      48.3        
1920    2.4     173.5     4727.0    5421.2    72.0      13.854      49.1        
1770    2.5     173.53    4539.0    5205.9    72.0      14.36       48.8        
1520    2.7     173.67    4206.0    4828.2    72.0      15.371      48.4        
1640    2.6     173.71    4369.0    5016.5    72.0      14.857      48.6        
1320    2.9     173.83    3919.0    4503.5    72.0      16.389      48.1        
1930    2.4     173.95    4739.0    5449.4    72.0      13.829      49.0        
1780    2.5     174.01    4551.0    5235.3    72.0      14.331      48.7        
1420    2.8     174.08    4065.0    4677.6    72.0      15.857      48.2        
1530    2.7     174.24    4220.0    4860.0    72.0      15.334      48.3        
1650    2.6     174.24    4382.0    5047.1    72.0      14.825      48.5        
1940    2.4     174.4     4752.0    5477.6    72.0      13.804      48.9        
1330    2.9     174.49    3934.0    4537.6    72.0      16.342      47.9        
1790    2.5     174.5     4564.0    5264.7    72.0      14.302      48.7        
1430    2.8     174.69    4080.0    4710.6    72.0      15.815      48.0        
1660    2.6     174.77    4395.0    5077.6    72.0      14.792      48.4        
1540    2.7     174.81    4234.0    4891.8    72.0      15.297      48.2        
1950    2.4     174.85    4764.0    5505.9    72.0      13.779      48.8        
1800    2.5     174.99    4577.0    5294.1    72.0      14.274      48.6        
1340    2.9     175.14    3949.0    4571.8    72.0      16.296      47.8        
1670    2.6     175.29    4409.0    5108.2    72.0      14.76       48.3        
1960    2.4     175.3     4776.0    5534.1    72.0      13.755      48.7        
1440    2.8     175.3     4094.0    4743.5    72.0      15.774      47.9        
1550    2.7     175.37    4247.0    4923.5    72.0      15.261      48.1        
1810    2.5     175.47    4590.0    5323.5    72.0      14.246      48.5        
1970    2.4     175.74    4788.0    5562.4    72.0      13.731      48.7        
1350    2.9     175.79    3964.0    4605.9    72.0      16.25       47.7        
1680    2.6     175.82    4422.0    5138.8    72.0      14.729      48.2        
1450    2.8     175.9     4108.0    4776.5    72.0      15.734      47.8        
1560    2.7     175.94    4261.0    4955.3    72.0      15.225      48.0        
1820    2.5     175.96    4602.0    5352.9    72.0      14.219      48.4        
1980    2.4     176.19    4800.0    5590.6    72.0      13.707      48.6        
1690    2.6     176.34    4435.0    5169.4    72.0      14.697      48.1        
1830    2.5     176.44    4615.0    5382.4    72.0      14.191      48.3        
1360    2.9     176.44    3978.0    4640.0    72.0      16.205      47.5        
1570    2.7     176.5     4275.0    4987.1    72.0      15.19       47.8        
1460    2.8     176.51    4122.0    4809.4    72.0      15.694      47.7        
1990    2.4     176.63    4812.0    5618.8    72.0      13.683      48.5        
1700    2.6     176.86    4448.0    5200.0    72.0      14.666      48.0        
1840    2.5     176.92    4628.0    5411.8    72.0      14.164      48.2        
1580    2.7     177.06    4288.0    5018.8    72.0      15.155      47.7        
2000    2.4     177.08    4825.0    5647.1    72.0      13.66       48.4        
1370    2.9     177.09    3993.0    4674.1    72.0      16.16       47.4        
1470    2.8     177.11    4136.0    4842.4    72.0      15.654      47.5        
1710    2.6     177.38    4461.0    5230.6    72.0      14.636      47.9        
1850    2.5     177.4     4640.0    5441.2    72.0      14.137      48.1        
1590    2.7     177.62    4302.0    5050.6    72.0      15.12       47.6        
1480    2.8     177.72    4150.0    4875.3    72.0      15.615      47.4        
1380    2.9     177.74    4008.0    4708.2    72.0      16.116      47.3        
1860    2.5     177.88    4653.0    5470.6    72.0      14.111      48.0        
1720    2.6     177.9     4474.0    5261.2    72.0      14.605      47.8        
1600    2.7     178.18    4315.0    5082.4    72.0      15.086      47.5        
1490    2.8     178.31    4164.0    4908.2    72.0      15.576      47.3        
1870    2.5     178.36    4665.0    5500.0    72.0      14.084      47.9        
1390    2.9     178.38    4022.0    4742.4    72.0      16.073      47.1        
1730    2.6     178.42    4487.0    5291.8    72.0      14.575      47.7        
1610    2.7     178.74    4329.0    5114.1    72.0      15.052      47.4        
1880    2.5     178.84    4678.0    5529.4    72.0      14.058      47.8        
1500    2.8     178.91    4178.0    4941.2    72.0      15.538      47.2        
1740    2.6     178.93    4500.0    5322.4    72.0      14.546      47.6        
1400    2.9     179.02    4036.0    4776.5    72.0      16.03       47.0        
1620    2.7     179.29    4342.0    5145.9    72.0      15.019      47.3        
1890    2.5     179.31    4690.0    5558.8    72.0      14.033      47.7        
1750    2.6     179.44    4513.0    5352.9    72.0      14.516      47.5        
1510    2.8     179.51    4192.0    4974.1    72.0      15.501      47.1        
1410    2.9     179.66    4051.0    4810.6    72.0      15.988      46.9        
1900    2.5     179.78    4702.0    5588.2    72.0      14.007      47.6        
1630    2.7     179.84    4355.0    5177.6    72.0      14.986      47.2        
1760    2.6     179.96    4526.0    5383.5    72.0      14.487      47.4        
1520    2.8     180.1     4206.0    5007.1    72.0      15.463      47.0        
1910    2.5     180.26    4715.0    5617.6    72.0      13.982      47.6        
1420    2.9     180.29    4065.0    4844.7    72.0      15.946      46.8        
1640    2.7     180.39    4369.0    5209.4    72.0      14.953      47.1        
1770    2.6     180.47    4539.0    5414.1    72.0      14.459      47.3        
1530    2.8     180.69    4220.0    5040.0    72.0      15.427      46.9        
1920    2.5     180.73    4727.0    5647.1    72.0      13.957      47.5        
1430    2.9     180.93    4080.0    4878.8    72.0      15.905      46.6        
1650    2.7     180.94    4382.0    5241.2    72.0      14.92       47.0        
1780    2.6     180.98    4551.0    5444.7    72.0      14.43       47.2        
1930    2.5     181.2     4739.0    5676.5    72.0      13.932      47.4        
1540    2.8     181.28    4234.0    5072.9    72.0      15.39       46.7        
1790    2.6     181.48    4564.0    5475.3    72.0      14.402      47.1        
1660    2.7     181.49    4395.0    5272.9    72.0      14.888      46.9        
1440    2.9     181.56    4094.0    4912.9    72.0      15.864      46.5        
1940    2.5     181.67    4752.0    5705.9    72.0      13.907      47.3        
1550    2.8     181.87    4247.0    5105.9    72.0      15.354      46.6        
1800    2.6     181.99    4577.0    5505.9    72.0      14.374      47.0        
1670    2.7     182.04    4409.0    5304.7    72.0      14.857      46.8        
1950    2.5     182.13    4764.0    5735.3    72.0      13.883      47.2        
1450    2.9     182.19    4108.0    4947.1    72.0      15.824      46.4        
1560    2.8     182.46    4261.0    5138.8    72.0      15.319      46.5        
1810    2.6     182.49    4590.0    5536.5    72.0      14.346      46.9        
1680    2.7     182.58    4422.0    5336.5    72.0      14.825      46.7        
1960    2.5     182.6     4776.0    5764.7    72.0      13.859      47.1        
1460    2.9     182.81    4122.0    4981.2    72.0      15.784      46.3        
1820    2.6     183.0     4602.0    5567.1    72.0      14.319      46.8        
1570    2.8     183.04    4275.0    5171.8    72.0      15.283      46.4        
1970    2.5     183.07    4788.0    5794.1    72.0      13.835      47.1        
1690    2.7     183.12    4435.0    5368.2    72.0      14.794      46.6        
1470    2.9     183.44    4136.0    5015.3    72.0      15.745      46.2        
1830    2.6     183.5     4615.0    5597.6    72.0      14.292      46.7        
1980    2.5     183.53    4800.0    5823.5    72.0      13.811      47.0        
1580    2.8     183.62    4288.0    5204.7    72.0      15.249      46.3        
1700    2.7     183.66    4448.0    5400.0    72.0      14.764      46.5        
1990    2.5     183.99    4812.0    5852.9    72.0      13.788      46.9        
1840    2.6     184.0     4628.0    5628.2    72.0      14.265      46.7        
1480    2.9     184.06    4150.0    5049.4    72.0      15.706      46.1        
1590    2.8     184.2     4302.0    5237.6    72.0      15.214      46.2        
1710    2.7     184.2     4461.0    5431.8    72.0      14.733      46.4        
2000    2.5     184.46    4825.0    5882.4    72.0      13.764      46.8        
1850    2.6     184.5     4640.0    5658.8    72.0      14.238      46.6        
1490    2.9     184.68    4164.0    5083.5    72.0      15.668      45.9        
1720    2.7     184.74    4474.0    5463.5    72.0      14.703      46.3        
1600    2.8     184.78    4315.0    5270.6    72.0      15.18       46.1        
1860    2.6     185.0     4653.0    5689.4    72.0      14.212      46.5        
1730    2.7     185.28    4487.0    5495.3    72.0      14.673      46.2        
1500    2.9     185.3     4178.0    5117.6    72.0      15.63       45.8        
1610    2.8     185.36    4329.0    5303.5    72.0      15.147      46.0        
1870    2.6     185.49    4665.0    5720.0    72.0      14.186      46.4        
1740    2.7     185.81    4500.0    5527.1    72.0      14.644      46.1        
1510    2.9     185.92    4192.0    5151.8    72.0      15.592      45.7        
1620    2.8     185.93    4342.0    5336.5    72.0      15.114      45.9        
1880    2.6     185.99    4678.0    5750.6    72.0      14.16       46.3        
1750    2.7     186.35    4513.0    5558.8    72.0      14.615      46.0        
1890    2.6     186.48    4690.0    5781.2    72.0      14.135      46.2        
1630    2.8     186.5     4355.0    5369.4    72.0      15.081      45.8        
1520    2.9     186.53    4206.0    5185.9    72.0      15.555      45.6        
1760    2.7     186.88    4526.0    5590.6    72.0      14.586      45.9        
1900    2.6     186.98    4702.0    5811.8    72.0      14.109      46.2        
1640    2.8     187.07    4369.0    5402.4    72.0      15.048      45.7        
1530    2.9     187.15    4220.0    5220.0    72.0      15.519      45.5        
1770    2.7     187.41    4539.0    5622.4    72.0      14.557      45.9        
1910    2.6     187.47    4715.0    5842.4    72.0      14.084      46.1        
1650    2.8     187.64    4382.0    5435.3    72.0      15.016      45.6        
1540    2.9     187.76    4234.0    5254.1    72.0      15.483      45.4        
1780    2.7     187.94    4551.0    5654.1    72.0      14.529      45.8        
1920    2.6     187.96    4727.0    5872.9    72.0      14.06       46.0        
1660    2.8     188.21    4395.0    5468.2    72.0      14.984      45.5        
1550    2.9     188.36    4247.0    5288.2    72.0      15.447      45.3        
1930    2.6     188.45    4739.0    5903.5    72.0      14.035      45.9        
1790    2.7     188.46    4564.0    5685.9    72.0      14.501      45.7        
1670    2.8     188.78    4409.0    5501.2    72.0      14.953      45.4        
1940    2.6     188.93    4752.0    5934.1    72.0      14.011      45.8        
1560    2.9     188.97    4261.0    5322.4    72.0      15.412      45.2        
1800    2.7     188.99    4577.0    5717.6    72.0      14.474      45.6        
1680    2.8     189.34    4422.0    5534.1    72.0      14.922      45.3        
1950    2.6     189.42    4764.0    5964.7    72.0      13.987      45.7        
1810    2.7     189.51    4590.0    5749.4    72.0      14.446      45.5        
1570    2.9     189.58    4275.0    5356.5    72.0      15.377      45.1        
1690    2.8     189.91    4435.0    5567.1    72.0      14.891      45.2        
1960    2.6     189.91    4776.0    5995.3    72.0      13.963      45.7        
1820    2.7     190.04    4602.0    5781.2    72.0      14.419      45.4        
1580    2.9     190.18    4288.0    5390.6    72.0      15.343      45.0        
1970    2.6     190.39    4788.0    6025.9    72.0      13.939      45.6        
1700    2.8     190.47    4448.0    5600.0    72.0      14.861      45.1        
1830    2.7     190.56    4615.0    5812.9    72.0      14.392      45.3        
1590    2.9     190.78    4302.0    5424.7    72.0      15.308      44.9        
1980    2.6     190.87    4800.0    6056.5    72.0      13.916      45.5        
1710    2.8     191.03    4461.0    5632.9    72.0      14.831      45.0        
1840    2.7     191.08    4628.0    5844.7    72.0      14.366      45.2        
1990    2.6     191.35    4812.0    6087.1    72.0      13.892      45.4        
1600    2.9     191.38    4315.0    5458.8    72.0      15.275      44.8        
1720    2.8     191.58    4474.0    5665.9    72.0      14.801      45.0        
1850    2.7     191.6     4640.0    5876.5    72.0      14.339      45.2        
2000    2.6     191.83    4825.0    6117.6    72.0      13.869      45.4        
1610    2.9     191.98    4329.0    5492.9    72.0      15.241      44.7        
1860    2.7     192.11    4653.0    5908.2    72.0      14.313      45.1        
1730    2.8     192.14    4487.0    5698.8    72.0      14.771      44.9        
1620    2.9     192.57    4342.0    5527.1    72.0      15.209      44.6        
1870    2.7     192.63    4665.0    5940.0    72.0      14.288      45.0        
1740    2.8     192.69    4500.0    5731.8    72.0      14.742      44.8        
1880    2.7     193.14    4678.0    5971.8    72.0      14.262      44.9        
1630    2.9     193.16    4355.0    5561.2    72.0      15.176      44.5        
1750    2.8     193.25    4513.0    5764.7    72.0      14.713      44.7        
1890    2.7     193.66    4690.0    6003.5    72.0      14.237      44.8        
1640    2.9     193.76    4369.0    5595.3    72.0      15.144      44.4        
1760    2.8     193.8     4526.0    5797.6    72.0      14.685      44.6        
1900    2.7     194.17    4702.0    6035.3    72.0      14.212      44.8        
1650    2.9     194.35    4382.0    5629.4    72.0      15.112      44.3        
1770    2.8     194.35    4539.0    5830.6    72.0      14.656      44.5        
1910    2.7     194.68    4715.0    6067.1    72.0      14.187      44.7        
1780    2.8     194.9     4551.0    5863.5    72.0      14.629      44.4        
1660    2.9     194.93    4395.0    5663.5    72.0      15.08       44.2        
1920    2.7     195.19    4727.0    6098.8    72.0      14.162      44.6        
1790    2.8     195.44    4564.0    5896.5    72.0      14.601      44.3        
1670    2.9     195.52    4409.0    5697.6    72.0      15.049      44.1        
1930    2.7     195.69    4739.0    6130.6    72.0      14.138      44.5        
1800    2.8     195.99    4577.0    5929.4    72.0      14.573      44.3        
1680    2.9     196.1     4422.0    5731.8    72.0      15.018      44.0        
1940    2.7     196.2     4752.0    6162.4    72.0      14.114      44.5        
1810    2.8     196.53    4590.0    5962.4    72.0      14.546      44.2        
1690    2.9     196.69    4435.0    5765.9    72.0      14.988      44.0        
1950    2.7     196.71    4764.0    6194.1    72.0      14.09       44.4        
1820    2.8     197.07    4602.0    5995.3    72.0      14.519      44.1        
1960    2.7     197.21    4776.0    6225.9    72.0      14.067      44.3        
1700    2.9     197.27    4448.0    5800.0    72.0      14.958      43.9        
1830    2.8     197.61    4615.0    6028.2    72.0      14.493      44.0        
1970    2.7     197.71    4788.0    6257.6    72.0      14.043      44.2        
1710    2.9     197.85    4461.0    5834.1    72.0      14.928      43.8        
1840    2.8     198.15    4628.0    6061.2    72.0      14.467      43.9        
1980    2.7     198.21    4800.0    6289.4    72.0      14.02       44.2        
1720    2.9     198.43    4474.0    5868.2    72.0      14.898      43.7        
1850    2.8     198.69    4640.0    6094.1    72.0      14.441      43.9        
1990    2.7     198.71    4812.0    6321.2    72.0      13.997      44.1        
1730    2.9     199.0     4487.0    5902.4    72.0      14.869      43.6        
2000    2.7     199.21    4825.0    6352.9    72.0      13.974      44.0        
1860    2.8     199.23    4653.0    6127.1    72.0      14.415      43.8        
1740    2.9     199.58    4500.0    5936.5    72.0      14.84       43.5        
1870    2.8     199.76    4665.0    6160.0    72.0      14.389      43.7        
1750    2.9     200.15    4513.0    5970.6    72.0      14.812      43.4        
1880    2.8     200.3     4678.0    6192.9    72.0      14.364      43.6        
1760    2.9     200.72    4526.0    6004.7    72.0      14.783      43.4        
1890    2.8     200.83    4690.0    6225.9    72.0      14.339      43.6        
1770    2.9     201.29    4539.0    6038.8    72.0      14.755      43.3        
1900    2.8     201.36    4702.0    6258.8    72.0      14.314      43.5        
1780    2.9     201.86    4551.0    6072.9    72.0      14.728      43.2        
1910    2.8     201.89    4715.0    6291.8    72.0      14.29       43.4        
1920    2.8     202.42    4727.0    6324.7    72.0      14.265      43.3        
1790    2.9     202.42    4564.0    6107.1    72.0      14.7        43.1        
1930    2.8     202.94    4739.0    6357.6    72.0      14.241      43.3        
1800    2.9     202.99    4577.0    6141.2    72.0      14.673      43.0        
1940    2.8     203.47    4752.0    6390.6    72.0      14.217      43.2        
1810    2.9     203.55    4590.0    6175.3    72.0      14.646      43.0        
1950    2.8     203.99    4764.0    6423.5    72.0      14.194      43.1        
1820    2.9     204.11    4602.0    6209.4    72.0      14.62       42.9        
1960    2.8     204.51    4776.0    6456.5    72.0      14.17       43.0        
1830    2.9     204.67    4615.0    6243.5    72.0      14.593      42.8        
1970    2.8     205.03    4788.0    6489.4    72.0      14.147      43.0        
1840    2.9     205.23    4628.0    6277.6    72.0      14.567      42.7        
1980    2.8     205.55    4800.0    6522.4    72.0      14.124      42.9        
1850    2.9     205.79    4640.0    6311.8    72.0      14.542      42.6        
1990    2.8     206.07    4812.0    6555.3    72.0      14.102      42.8        
1860    2.9     206.34    4653.0    6345.9    72.0      14.516      42.6        
2000    2.8     206.59    4825.0    6588.2    72.0      14.079      42.8        
1870    2.9     206.9     4665.0    6380.0    72.0      14.491      42.5        
1880    2.9     207.45    4678.0    6414.1    72.0      14.466      42.4        
1890    2.9     208.0     4690.0    6448.2    72.0      14.441      42.3        
1900    2.9     208.55    4702.0    6482.4    72.0      14.417      42.3        
1910    2.9     209.1     4715.0    6516.5    72.0      14.392      42.2        
1920    2.9     209.64    4727.0    6550.6    72.0      14.368      42.1        
1930    2.9     210.19    4739.0    6584.7    72.0      14.344      42.1        
1940    2.9     210.73    4752.0    6618.8    72.0      14.321      42.0        
1950    2.9     211.28    4764.0    6652.9    72.0      14.297      41.9        
1960    2.9     211.82    4776.0    6687.1    72.0      14.274      41.9        
1970    2.9     212.36    4788.0    6721.2    72.0      14.251      41.8        
1980    2.9     212.9     4800.0    6755.3    72.0      14.229      41.7        
1990    2.9     213.43    4812.0    6789.4    72.0      14.206      41.7        
2000    2.9     213.97    4825.0    6823.5    72.0      14.184      41.6        

## Full sweep (V_b, I_b space):
# Vb(V)   Ib(A)   T(mN)     Isp(s)    TotMass(kg) t(days)     
800     0.5     23.33     3051.0    120.4       315.0       
800     0.6     28.0      3051.0    120.85      263.5       
800     0.7     32.66     3051.0    121.29      226.7       
800     0.8     37.33     3051.0    121.74      199.1       
800     0.9     42.0      3051.0    122.18      177.6       
800     1.0     46.66     3051.0    122.63      160.4       
800     1.1     51.33     3051.0    123.07      146.4       
800     1.2     56.0      3051.0    123.52      134.7       
800     1.3     60.66     3051.0    123.96      124.8       
800     1.4     65.33     3051.0    124.41      116.3       
800     1.5     70.0      3051.0    124.85      108.9       
800     1.6     74.66     3051.0    125.3       102.5       
800     1.7     79.33     3051.0    125.74      96.8        
800     1.8     83.99     3051.0    126.19      91.7        
800     1.9     88.66     3051.0    126.63      87.2        
800     2.0     93.33     3051.0    127.08      83.1        
800     2.1     97.99     3051.0    127.52      79.4        
800     2.2     102.66    3051.0    127.97      76.1        
800     2.3     107.33    3051.0    128.41      73.0        
800     2.4     111.99    3051.0    128.86      70.2        
800     2.5     116.66    3051.0    129.3       67.7        
800     2.6     121.33    3051.0    129.75      65.3        
800     2.7     125.99    3051.0    130.19      63.1        
800     2.8     130.66    3051.0    130.64      61.0        
800     2.9     135.33    3051.0    131.08      59.1        
810     0.5     23.48     3070.0    120.31      313.0       
810     0.6     28.17     3070.0    120.76      261.8       
810     0.7     32.87     3070.0    121.21      225.2       
810     0.8     37.56     3070.0    121.66      197.8       
810     0.9     42.26     3070.0    122.11      176.5       
810     1.0     46.95     3070.0    122.56      159.4       
810     1.1     51.65     3070.0    123.01      145.5       
810     1.2     56.35     3070.0    123.46      133.8       
810     1.3     61.04     3070.0    123.91      124.0       
810     1.4     65.74     3070.0    124.36      115.5       
810     1.5     70.43     3070.0    124.81      108.2       
810     1.6     75.13     3070.0    125.26      101.8       
810     1.7     79.82     3070.0    125.71      96.2        
810     1.8     84.52     3070.0    126.16      91.2        
810     1.9     89.21     3070.0    126.61      86.7        
810     2.0     93.91     3070.0    127.06      82.6        
810     2.1     98.6      3070.0    127.51      79.0        
810     2.2     103.3     3070.0    127.96      75.7        
810     2.3     108.0     3070.0    128.41      72.6        
810     2.4     112.69    3070.0    128.86      69.8        
810     2.5     117.39    3070.0    129.31      67.3        
810     2.6     122.08    3070.0    129.76      64.9        
810     2.7     126.78    3070.0    130.21      62.7        
810     2.8     131.47    3070.0    130.66      60.7        
810     2.9     136.17    3070.0    131.11      58.8        
820     0.5     23.62     3089.0    120.21      311.0       
820     0.6     28.35     3089.0    120.67      260.1       
820     0.7     33.07     3089.0    121.12      223.8       
820     0.8     37.79     3089.0    121.58      196.6       
820     0.9     42.52     3089.0    122.03      175.4       
820     1.0     47.24     3089.0    122.49      158.4       
820     1.1     51.97     3089.0    122.94      144.6       
820     1.2     56.69     3089.0    123.4       133.0       
820     1.3     61.42     3089.0    123.85      123.2       
820     1.4     66.14     3089.0    124.31      114.9       
820     1.5     70.87     3089.0    124.76      107.6       
820     1.6     75.59     3089.0    125.22      101.2       
820     1.7     80.31     3089.0    125.67      95.6        
820     1.8     85.04     3089.0    126.13      90.6        
820     1.9     89.76     3089.0    126.58      86.2        
820     2.0     94.49     3089.0    127.04      82.2        
820     2.1     99.21     3089.0    127.5       78.5        
820     2.2     103.94    3089.0    127.95      75.2        
820     2.3     108.66    3089.0    128.41      72.2        
820     2.4     113.38    3089.0    128.86      69.5        
820     2.5     118.11    3089.0    129.32      66.9        
820     2.6     122.83    3089.0    129.77      64.6        
820     2.7     127.56    3089.0    130.23      62.4        
820     2.8     132.28    3089.0    130.68      60.4        
820     2.9     137.01    3089.0    131.14      58.5        
830     0.5     23.77     3108.0    120.12      309.0       
830     0.6     28.52     3108.0    120.58      258.5       
830     0.7     33.27     3108.0    121.04      222.4       
830     0.8     38.02     3108.0    121.5       195.4       
830     0.9     42.78     3108.0    121.96      174.3       
830     1.0     47.53     3108.0    122.42      157.5       
830     1.1     52.28     3108.0    122.88      143.7       
830     1.2     57.04     3108.0    123.34      132.2       
830     1.3     61.79     3108.0    123.8       122.5       
830     1.4     66.54     3108.0    124.26      114.2       
830     1.5     71.3      3108.0    124.72      107.0       
830     1.6     76.05     3108.0    125.18      100.6       
830     1.7     80.8      3108.0    125.64      95.1        
830     1.8     85.56     3108.0    126.1       90.1        
830     1.9     90.31     3108.0    126.56      85.7        
830     2.0     95.06     3108.0    127.02      81.7        
830     2.1     99.81     3108.0    127.48      78.1        
830     2.2     104.57    3108.0    127.94      74.8        
830     2.3     109.32    3108.0    128.4       71.8        
830     2.4     114.07    3108.0    128.87      69.1        
830     2.5     118.83    3108.0    129.33      66.5        
830     2.6     123.58    3108.0    129.79      64.2        
830     2.7     128.33    3108.0    130.25      62.1        
830     2.8     133.09    3108.0    130.71      60.0        
830     2.9     137.84    3108.0    131.17      58.2        
840     0.5     23.91     3127.0    120.03      307.1       
840     0.6     28.69     3127.0    120.5       256.9       
840     0.7     33.47     3127.0    120.96      221.1       
840     0.8     38.25     3127.0    121.43      194.2       
840     0.9     43.03     3127.0    121.89      173.3       
840     1.0     47.82     3127.0    122.36      156.5       
840     1.1     52.6      3127.0    122.82      142.8       
840     1.2     57.38     3127.0    123.29      131.4       
840     1.3     62.16     3127.0    123.75      121.8       
840     1.4     66.94     3127.0    124.22      113.5       
840     1.5     71.72     3127.0    124.68      106.3       
840     1.6     76.51     3127.0    125.15      100.1       
840     1.7     81.29     3127.0    125.61      94.5        
840     1.8     86.07     3127.0    126.08      89.6        
840     1.9     90.85     3127.0    126.55      85.2        
840     2.0     95.63     3127.0    127.01      81.2        
840     2.1     100.41    3127.0    127.48      77.7        
840     2.2     105.2     3127.0    127.94      74.4        
840     2.3     109.98    3127.0    128.41      71.4        
840     2.4     114.76    3127.0    128.87      68.7        
840     2.5     119.54    3127.0    129.34      66.2        
840     2.6     124.32    3127.0    129.8       63.9        
840     2.7     129.1     3127.0    130.27      61.7        
840     2.8     133.89    3127.0    130.73      59.7        
840     2.9     138.67    3127.0    131.2       57.9        
850     0.5     24.05     3145.0    119.94      305.2       
850     0.6     28.86     3145.0    120.41      255.3       
850     0.7     33.67     3145.0    120.88      219.7       
850     0.8     38.48     3145.0    121.35      193.0       
850     0.9     43.29     3145.0    121.83      172.2       
850     1.0     48.1      3145.0    122.3       155.6       
850     1.1     52.91     3145.0    122.77      142.0       
850     1.2     57.72     3145.0    123.24      130.7       
850     1.3     62.53     3145.0    123.71      121.1       
850     1.4     67.34     3145.0    124.18      112.8       
850     1.5     72.15     3145.0    124.65      105.7       
850     1.6     76.96     3145.0    125.12      99.5        
850     1.7     81.77     3145.0    125.59      94.0        
850     1.8     86.58     3145.0    126.06      89.1        
850     1.9     91.39     3145.0    126.53      84.7        
850     2.0     96.2      3145.0    127.0       80.8        
850     2.1     101.01    3145.0    127.47      77.2        
850     2.2     105.82    3145.0    127.94      74.0        
850     2.3     110.63    3145.0    128.41      71.0        
850     2.4     115.44    3145.0    128.88      68.3        
850     2.5     120.25    3145.0    129.35      65.8        
850     2.6     125.06    3145.0    129.82      63.5        
850     2.7     129.87    3145.0    130.29      61.4        
850     2.8     134.68    3145.0    130.76      59.4        
850     2.9     139.49    3145.0    131.23      57.6        
860     0.5     24.19     3164.0    119.86      303.3       
860     0.6     29.03     3164.0    120.33      253.8       
860     0.7     33.87     3164.0    120.81      218.4       
860     0.8     38.71     3164.0    121.28      191.8       
860     0.9     43.54     3164.0    121.76      171.2       
860     1.0     48.38     3164.0    122.24      154.7       
860     1.1     53.22     3164.0    122.71      141.2       
860     1.2     58.06     3164.0    123.19      129.9       
860     1.3     62.9      3164.0    123.66      120.4       
860     1.4     67.73     3164.0    124.14      112.2       
860     1.5     72.57     3164.0    124.61      105.1       
860     1.6     77.41     3164.0    125.09      98.9        
860     1.7     82.25     3164.0    125.56      93.5        
860     1.8     87.09     3164.0    126.04      88.6        
860     1.9     91.93     3164.0    126.51      84.3        
860     2.0     96.76     3164.0    126.99      80.3        
860     2.1     101.6     3164.0    127.47      76.8        
860     2.2     106.44    3164.0    127.94      73.6        
860     2.3     111.28    3164.0    128.42      70.7        
860     2.4     116.12    3164.0    128.89      68.0        
860     2.5     120.96    3164.0    129.37      65.5        
860     2.6     125.79    3164.0    129.84      63.2        
860     2.7     130.63    3164.0    130.32      61.1        
860     2.8     135.47    3164.0    130.79      59.1        
860     2.9     140.31    3164.0    131.27      57.3        
870     0.5     24.33     3182.0    119.77      301.5       
870     0.6     29.2      3182.0    120.26      252.3       
870     0.7     34.06     3182.0    120.74      217.1       
870     0.8     38.93     3182.0    121.22      190.7       
870     0.9     43.8      3182.0    121.7       170.2       
870     1.0     48.66     3182.0    122.18      153.8       
870     1.1     53.53     3182.0    122.66      140.4       
870     1.2     58.4      3182.0    123.14      129.2       
870     1.3     63.26     3182.0    123.62      119.7       
870     1.4     68.13     3182.0    124.1       111.6       
870     1.5     72.99     3182.0    124.58      104.5       
870     1.6     77.86     3182.0    125.06      98.4        
870     1.7     82.73     3182.0    125.54      93.0        
870     1.8     87.59     3182.0    126.02      88.1        
870     1.9     92.46     3182.0    126.5       83.8        
870     2.0     97.33     3182.0    126.98      79.9        
870     2.1     102.19    3182.0    127.46      76.4        
870     2.2     107.06    3182.0    127.94      73.2        
870     2.3     111.92    3182.0    128.42      70.3        
870     2.4     116.79    3182.0    128.9       67.6        
870     2.5     121.66    3182.0    129.39      65.1        
870     2.6     126.52    3182.0    129.87      62.9        
870     2.7     131.39    3182.0    130.35      60.8        
870     2.8     136.26    3182.0    130.83      58.8        
870     2.9     141.12    3182.0    131.31      57.0        
880     0.5     24.47     3200.0    119.69      299.7       
880     0.6     29.36     3200.0    120.18      250.8       
880     0.7     34.26     3200.0    120.66      215.8       
880     0.8     39.15     3200.0    121.15      189.6       
880     0.9     44.05     3200.0    121.64      169.2       
880     1.0     48.94     3200.0    122.12      152.9       
880     1.1     53.84     3200.0    122.61      139.6       
880     1.2     58.73     3200.0    123.09      128.4       
880     1.3     63.62     3200.0    123.58      119.0       
880     1.4     68.52     3200.0    124.06      111.0       
880     1.5     73.41     3200.0    124.55      104.0       
880     1.6     78.31     3200.0    125.03      97.8        
880     1.7     83.2      3200.0    125.52      92.4        
880     1.8     88.09     3200.0    126.01      87.7        
880     1.9     92.99     3200.0    126.49      83.4        
880     2.0     97.88     3200.0    126.98      79.5        
880     2.1     102.78    3200.0    127.46      76.0        
880     2.2     107.67    3200.0    127.95      72.8        
880     2.3     112.57    3200.0    128.43      69.9        
880     2.4     117.46    3200.0    128.92      67.3        
880     2.5     122.35    3200.0    129.41      64.8        
880     2.6     127.25    3200.0    129.89      62.6        
880     2.7     132.14    3200.0    130.38      60.5        
880     2.8     137.04    3200.0    130.86      58.5        
880     2.9     141.93    3200.0    131.35      56.7        
890     0.5     24.61     3218.0    119.61      298.0       
890     0.6     29.53     3218.0    120.1       249.3       
890     0.7     34.45     3218.0    120.59      214.6       
890     0.8     39.37     3218.0    121.09      188.5       
890     0.9     44.3      3218.0    121.58      168.3       
890     1.0     49.22     3218.0    122.07      152.0       
890     1.1     54.14     3218.0    122.56      138.8       
890     1.2     59.06     3218.0    123.05      127.7       
890     1.3     63.98     3218.0    123.54      118.4       
890     1.4     68.91     3218.0    124.03      110.4       
890     1.5     73.83     3218.0    124.52      103.4       
890     1.6     78.75     3218.0    125.01      97.3        
890     1.7     83.67     3218.0    125.5       92.0        
890     1.8     88.59     3218.0    125.99      87.2        
890     1.9     93.52     3218.0    126.48      82.9        
890     2.0     98.44     3218.0    126.97      79.1        
890     2.1     103.36    3218.0    127.46      75.6        
890     2.2     108.28    3218.0    127.95      72.4        
890     2.3     113.2     3218.0    128.45      69.6        
890     2.4     118.12    3218.0    128.94      66.9        
890     2.5     123.05    3218.0    129.43      64.5        
890     2.6     127.97    3218.0    129.92      62.2        
890     2.7     132.89    3218.0    130.41      60.2        
890     2.8     137.81    3218.0    130.9       58.2        
890     2.9     142.73    3218.0    131.39      56.4        
900     0.5     24.75     3236.0    119.54      296.3       
900     0.6     29.7      3236.0    120.03      247.9       
900     0.7     34.65     3236.0    120.53      213.4       
900     0.8     39.6      3236.0    121.02      187.5       
900     0.9     44.55     3236.0    121.52      167.3       
900     1.0     49.49     3236.0    122.01      151.2       
900     1.1     54.44     3236.0    122.51      138.0       
900     1.2     59.39     3236.0    123.01      127.0       
900     1.3     64.34     3236.0    123.5       117.7       
900     1.4     69.29     3236.0    124.0       109.8       
900     1.5     74.24     3236.0    124.49      102.8       
900     1.6     79.19     3236.0    124.99      96.8        
900     1.7     84.14     3236.0    125.48      91.5        
900     1.8     89.09     3236.0    125.98      86.7        
900     1.9     94.04     3236.0    126.48      82.5        
900     2.0     98.99     3236.0    126.97      78.7        
900     2.1     103.94    3236.0    127.47      75.2        
900     2.2     108.89    3236.0    127.96      72.1        
900     2.3     113.84    3236.0    128.46      69.2        
900     2.4     118.79    3236.0    128.95      66.6        
900     2.5     123.74    3236.0    129.45      64.2        
900     2.6     128.69    3236.0    129.95      61.9        
900     2.7     133.64    3236.0    130.44      59.9        
900     2.8     138.58    3236.0    130.94      57.9        
900     2.9     143.53    3236.0    131.43      56.2        
910     0.5     24.88     3254.0    119.46      294.6       
910     0.6     29.86     3254.0    119.96      246.5       
910     0.7     34.84     3254.0    120.46      212.2       
910     0.8     39.81     3254.0    120.96      186.4       
910     0.9     44.79     3254.0    121.46      166.4       
910     1.0     49.77     3254.0    121.96      150.4       
910     1.1     54.75     3254.0    122.46      137.3       
910     1.2     59.72     3254.0    122.96      126.3       
910     1.3     64.7      3254.0    123.47      117.1       
910     1.4     69.68     3254.0    123.97      109.2       
910     1.5     74.65     3254.0    124.47      102.3       
910     1.6     79.63     3254.0    124.97      96.3        
910     1.7     84.61     3254.0    125.47      91.0        
910     1.8     89.58     3254.0    125.97      86.3        
910     1.9     94.56     3254.0    126.47      82.1        
910     2.0     99.54     3254.0    126.97      78.3        
910     2.1     104.51    3254.0    127.47      74.8        
910     2.2     109.49    3254.0    127.97      71.7        
910     2.3     114.47    3254.0    128.47      68.9        
910     2.4     119.44    3254.0    128.98      66.3        
910     2.5     124.42    3254.0    129.48      63.9        
910     2.6     129.4     3254.0    129.98      61.6        
910     2.7     134.38    3254.0    130.48      59.6        
910     2.8     139.35    3254.0    130.98      57.7        
910     2.9     144.33    3254.0    131.48      55.9        
920     0.5     25.02     3272.0    119.38      292.9       
920     0.6     30.02     3272.0    119.89      245.1       
920     0.7     35.03     3272.0    120.4       211.0       
920     0.8     40.03     3272.0    120.9       185.4       
920     0.9     45.04     3272.0    121.41      165.5       
920     1.0     50.04     3272.0    121.91      149.5       
920     1.1     55.05     3272.0    122.42      136.5       
920     1.2     60.05     3272.0    122.93      125.7       
920     1.3     65.05     3272.0    123.43      116.5       
920     1.4     70.06     3272.0    123.94      108.6       
920     1.5     75.06     3272.0    124.44      101.8       
920     1.6     80.07     3272.0    124.95      95.8        
920     1.7     85.07     3272.0    125.46      90.5        
920     1.8     90.07     3272.0    125.96      85.8        
920     1.9     95.08     3272.0    126.47      81.6        
920     2.0     100.08    3272.0    126.97      77.9        
920     2.1     105.09    3272.0    127.48      74.5        
920     2.2     110.09    3272.0    127.99      71.4        
920     2.3     115.1     3272.0    128.49      68.5        
920     2.4     120.1     3272.0    129.0       65.9        
920     2.5     125.1     3272.0    129.5       63.5        
920     2.6     130.11    3272.0    130.01      61.3        
920     2.7     135.11    3272.0    130.51      59.3        
920     2.8     140.12    3272.0    131.02      57.4        
920     2.9     145.12    3272.0    131.53      55.6        
930     0.5     25.16     3290.0    119.31      291.3       
930     0.6     30.19     3290.0    119.82      243.8       
930     0.7     35.22     3290.0    120.33      209.8       
930     0.8     40.25     3290.0    120.84      184.4       
930     0.9     45.28     3290.0    121.36      164.6       
930     1.0     50.31     3290.0    121.87      148.7       
930     1.1     55.34     3290.0    122.38      135.8       
930     1.2     60.38     3290.0    122.89      125.0       
930     1.3     65.41     3290.0    123.4       115.9       
930     1.4     70.44     3290.0    123.91      108.0       
930     1.5     75.47     3290.0    124.42      101.2       
930     1.6     80.5      3290.0    124.93      95.3        
930     1.7     85.53     3290.0    125.44      90.1        
930     1.8     90.56     3290.0    125.95      85.4        
930     1.9     95.59     3290.0    126.47      81.2        
930     2.0     100.63    3290.0    126.98      77.5        
930     2.1     105.66    3290.0    127.49      74.1        
930     2.2     110.69    3290.0    128.0       71.0        
930     2.3     115.72    3290.0    128.51      68.2        
930     2.4     120.75    3290.0    129.02      65.6        
930     2.5     125.78    3290.0    129.53      63.2        
930     2.6     130.81    3290.0    130.04      61.0        
930     2.7     135.84    3290.0    130.55      59.0        
930     2.8     140.88    3290.0    131.06      57.1        
930     2.9     145.91    3290.0    131.58      55.4        
940     0.5     25.29     3308.0    119.24      289.6       
940     0.6     30.35     3308.0    119.76      242.4       
940     0.7     35.41     3308.0    120.27      208.7       
940     0.8     40.47     3308.0    120.79      183.4       
940     0.9     45.52     3308.0    121.3       163.7       
940     1.0     50.58     3308.0    121.82      148.0       
940     1.1     55.64     3308.0    122.34      135.1       
940     1.2     60.7      3308.0    122.85      124.3       
940     1.3     65.76     3308.0    123.37      115.3       
940     1.4     70.82     3308.0    123.89      107.5       
940     1.5     75.87     3308.0    124.4       100.7       
940     1.6     80.93     3308.0    124.92      94.8        
940     1.7     85.99     3308.0    125.43      89.6        
940     1.8     91.05     3308.0    125.95      85.0        
940     1.9     96.11     3308.0    126.47      80.8        
940     2.0     101.16    3308.0    126.98      77.1        
940     2.1     106.22    3308.0    127.5       73.7        
940     2.2     111.28    3308.0    128.01      70.7        
940     2.3     116.34    3308.0    128.53      67.9        
940     2.4     121.4     3308.0    129.05      65.3        
940     2.5     126.46    3308.0    129.56      62.9        
940     2.6     131.51    3308.0    130.08      60.8        
940     2.7     136.57    3308.0    130.59      58.7        
940     2.8     141.63    3308.0    131.11      56.9        
940     2.9     146.69    3308.0    131.63      55.1        
950     0.5     25.43     3325.0    119.17      288.1       
950     0.6     30.51     3325.0    119.69      241.1       
950     0.7     35.6      3325.0    120.21      207.6       
950     0.8     40.68     3325.0    120.73      182.4       
950     0.9     45.77     3325.0    121.26      162.8       
950     1.0     50.85     3325.0    121.78      147.2       
950     1.1     55.94     3325.0    122.3       134.4       
950     1.2     61.02     3325.0    122.82      123.7       
950     1.3     66.11     3325.0    123.34      114.7       
950     1.4     71.19     3325.0    123.86      106.9       
950     1.5     76.28     3325.0    124.38      100.2       
950     1.6     81.36     3325.0    124.9       94.3        
950     1.7     86.45     3325.0    125.42      89.2        
950     1.8     91.53     3325.0    125.95      84.6        
950     1.9     96.62     3325.0    126.47      80.4        
950     2.0     101.7     3325.0    126.99      76.7        
950     2.1     106.79    3325.0    127.51      73.4        
950     2.2     111.87    3325.0    128.03      70.3        
950     2.3     116.96    3325.0    128.55      67.6        
950     2.4     122.04    3325.0    129.07      65.0        
950     2.5     127.13    3325.0    129.59      62.7        
950     2.6     132.21    3325.0    130.11      60.5        
950     2.7     137.3     3325.0    130.64      58.5        
950     2.8     142.38    3325.0    131.16      56.6        
950     2.9     147.47    3325.0    131.68      54.9        
960     0.5     25.56     3343.0    119.1       286.5       
960     0.6     30.67     3343.0    119.63      239.8       
960     0.7     35.78     3343.0    120.16      206.5       
960     0.8     40.89     3343.0    120.68      181.4       
960     0.9     46.01     3343.0    121.21      162.0       
960     1.0     51.12     3343.0    121.73      146.4       
960     1.1     56.23     3343.0    122.26      133.7       
960     1.2     61.34     3343.0    122.79      123.1       
960     1.3     66.45     3343.0    123.31      114.1       
960     1.4     71.56     3343.0    123.84      106.4       
960     1.5     76.68     3343.0    124.37      99.7        
960     1.6     81.79     3343.0    124.89      93.9        
960     1.7     86.9      3343.0    125.42      88.7        
960     1.8     92.01     3343.0    125.94      84.2        
960     1.9     97.12     3343.0    126.47      80.1        
960     2.0     102.24    3343.0    127.0       76.4        
960     2.1     107.35    3343.0    127.52      73.0        
960     2.2     112.46    3343.0    128.05      70.0        
960     2.3     117.57    3343.0    128.57      67.2        
960     2.4     122.68    3343.0    129.1       64.7        
960     2.5     127.79    3343.0    129.63      62.4        
960     2.6     132.91    3343.0    130.15      60.2        
960     2.7     138.02    3343.0    130.68      58.2        
960     2.8     143.13    3343.0    131.21      56.4        
960     2.9     148.24    3343.0    131.73      54.6        
970     0.5     25.69     3360.0    119.04      285.0       
970     0.6     30.83     3360.0    119.57      238.5       
970     0.7     35.97     3360.0    120.1       205.4       
970     0.8     41.11     3360.0    120.63      180.5       
970     0.9     46.24     3360.0    121.16      161.1       
970     1.0     51.38     3360.0    121.69      145.7       
970     1.1     56.52     3360.0    122.22      133.0       
970     1.2     61.66     3360.0    122.76      122.4       
970     1.3     66.8      3360.0    123.29      113.5       
970     1.4     71.94     3360.0    123.82      105.9       
970     1.5     77.07     3360.0    124.35      99.2        
970     1.6     82.21     3360.0    124.88      93.4        
970     1.7     87.35     3360.0    125.41      88.3        
970     1.8     92.49     3360.0    125.94      83.8        
970     1.9     97.63     3360.0    126.47      79.7        
970     2.0     102.77    3360.0    127.01      76.0        
970     2.1     107.9     3360.0    127.54      72.7        
970     2.2     113.04    3360.0    128.07      69.7        
970     2.3     118.18    3360.0    128.6       66.9        
970     2.4     123.32    3360.0    129.13      64.4        
970     2.5     128.46    3360.0    129.66      62.1        
970     2.6     133.6     3360.0    130.19      59.9        
970     2.7     138.73    3360.0    130.72      58.0        
970     2.8     143.87    3360.0    131.26      56.1        
970     2.9     149.01    3360.0    131.79      54.4        
980     0.5     25.82     3377.0    118.97      283.5       
980     0.6     30.99     3377.0    119.51      237.3       
980     0.7     36.15     3377.0    120.04      204.3       
980     0.8     41.32     3377.0    120.58      179.6       
980     0.9     46.48     3377.0    121.12      160.3       
980     1.0     51.65     3377.0    121.65      144.9       
980     1.1     56.81     3377.0    122.19      132.3       
980     1.2     61.98     3377.0    122.73      121.8       
980     1.3     67.14     3377.0    123.26      113.0       
980     1.4     72.31     3377.0    123.8       105.3       
980     1.5     77.47     3377.0    124.33      98.7        
980     1.6     82.64     3377.0    124.87      93.0        
980     1.7     87.8      3377.0    125.41      87.9        
980     1.8     92.97     3377.0    125.94      83.4        
980     1.9     98.13     3377.0    126.48      79.3        
980     2.0     103.29    3377.0    127.02      75.7        
980     2.1     108.46    3377.0    127.55      72.4        
980     2.2     113.62    3377.0    128.09      69.4        
980     2.3     118.79    3377.0    128.63      66.6        
980     2.4     123.95    3377.0    129.16      64.1        
980     2.5     129.12    3377.0    129.7       61.8        
980     2.6     134.28    3377.0    130.23      59.7        
980     2.7     139.45    3377.0    130.77      57.7        
980     2.8     144.61    3377.0    131.31      55.9        
980     2.9     149.78    3377.0    131.84      54.2        
990     0.5     25.96     3394.0    118.91      282.0       
990     0.6     31.15     3394.0    119.45      236.1       
990     0.7     36.34     3394.0    119.99      203.3       
990     0.8     41.53     3394.0    120.53      178.7       
990     0.9     46.72     3394.0    121.07      159.5       
990     1.0     51.91     3394.0    121.62      144.2       
990     1.1     57.1      3394.0    122.16      131.7       
990     1.2     62.29     3394.0    122.7       121.2       
990     1.3     67.48     3394.0    123.24      112.4       
990     1.4     72.67     3394.0    123.78      104.8       
990     1.5     77.87     3394.0    124.32      98.3        
990     1.6     83.06     3394.0    124.86      92.5        
990     1.7     88.25     3394.0    125.4       87.5        
990     1.8     93.44     3394.0    125.95      83.0        
990     1.9     98.63     3394.0    126.49      78.9        
990     2.0     103.82    3394.0    127.03      75.3        
990     2.1     109.01    3394.0    127.57      72.0        
990     2.2     114.2     3394.0    128.11      69.0        
990     2.3     119.39    3394.0    128.65      66.3        
990     2.4     124.58    3394.0    129.19      63.8        
990     2.5     129.78    3394.0    129.74      61.5        
990     2.6     134.97    3394.0    130.28      59.4        
990     2.7     140.16    3394.0    130.82      57.5        
990     2.8     145.35    3394.0    131.36      55.6        
990     2.9     150.54    3394.0    131.9       53.9        
1000    0.5     26.09     3411.0    118.85      280.5       
1000    0.6     31.3      3411.0    119.39      234.9       
1000    0.7     36.52     3411.0    119.94      202.2       
1000    0.8     41.74     3411.0    120.49      177.8       
1000    0.9     46.95     3411.0    121.03      158.7       
1000    1.0     52.17     3411.0    121.58      143.5       
1000    1.1     57.39     3411.0    122.12      131.0       
1000    1.2     62.61     3411.0    122.67      120.7       
1000    1.3     67.82     3411.0    123.22      111.9       
1000    1.4     73.04     3411.0    123.76      104.3       
1000    1.5     78.26     3411.0    124.31      97.8        
1000    1.6     83.47     3411.0    124.86      92.1        
1000    1.7     88.69     3411.0    125.4       87.1        
1000    1.8     93.91     3411.0    125.95      82.6        
1000    1.9     99.13     3411.0    126.5       78.6        
1000    2.0     104.34    3411.0    127.04      75.0        
1000    2.1     109.56    3411.0    127.59      71.7        
1000    2.2     114.78    3411.0    128.14      68.7        
1000    2.3     120.0     3411.0    128.68      66.0        
1000    2.4     125.21    3411.0    129.23      63.5        
1000    2.5     130.43    3411.0    129.77      61.3        
1000    2.6     135.65    3411.0    130.32      59.2        
1000    2.7     140.86    3411.0    130.87      57.2        
1000    2.8     146.08    3411.0    131.41      55.4        
1000    2.9     151.3     3411.0    131.96      53.7        
1010    0.5     26.22     3428.0    118.79      279.1       
1010    0.6     31.46     3428.0    119.34      233.7       
1010    0.7     36.7      3428.0    119.89      201.2       
1010    0.8     41.95     3428.0    120.44      176.9       
1010    0.9     47.19     3428.0    120.99      157.9       
1010    1.0     52.43     3428.0    121.54      142.8       
1010    1.1     57.68     3428.0    122.09      130.4       
1010    1.2     62.92     3428.0    122.65      120.1       
1010    1.3     68.16     3428.0    123.2       111.3       
1010    1.4     73.4      3428.0    123.75      103.8       
1010    1.5     78.65     3428.0    124.3       97.4        
1010    1.6     83.89     3428.0    124.85      91.7        
1010    1.7     89.13     3428.0    125.4       86.7        
1010    1.8     94.38     3428.0    125.95      82.2        
1010    1.9     99.62     3428.0    126.51      78.2        
1010    2.0     104.86    3428.0    127.06      74.6        
1010    2.1     110.11    3428.0    127.61      71.4        
1010    2.2     115.35    3428.0    128.16      68.4        
1010    2.3     120.59    3428.0    128.71      65.7        
1010    2.4     125.84    3428.0    129.26      63.3        
1010    2.5     131.08    3428.0    129.81      61.0        
1010    2.6     136.32    3428.0    130.37      58.9        
1010    2.7     141.57    3428.0    130.92      57.0        
1010    2.8     146.81    3428.0    131.47      55.2        
1010    2.9     152.05    3428.0    132.02      53.5        
1020    0.5     26.35     3445.0    118.73      277.7       
1020    0.6     31.61     3445.0    119.28      232.5       
1020    0.7     36.88     3445.0    119.84      200.2       
1020    0.8     42.15     3445.0    120.4       176.0       
1020    0.9     47.42     3445.0    120.95      157.2       
1020    1.0     52.69     3445.0    121.51      142.1       
1020    1.1     57.96     3445.0    122.07      129.8       
1020    1.2     63.23     3445.0    122.62      119.5       
1020    1.3     68.5      3445.0    123.18      110.8       
1020    1.4     73.77     3445.0    123.73      103.4       
1020    1.5     79.04     3445.0    124.29      96.9        
1020    1.6     84.31     3445.0    124.85      91.3        
1020    1.7     89.57     3445.0    125.4       86.3        
1020    1.8     94.84     3445.0    125.96      81.8        
1020    1.9     100.11    3445.0    126.52      77.9        
1020    2.0     105.38    3445.0    127.07      74.3        
1020    2.1     110.65    3445.0    127.63      71.1        
1020    2.2     115.92    3445.0    128.19      68.1        
1020    2.3     121.19    3445.0    128.74      65.5        
1020    2.4     126.46    3445.0    129.3       63.0        
1020    2.5     131.73    3445.0    129.86      60.7        
1020    2.6     137.0     3445.0    130.41      58.7        
1020    2.7     142.27    3445.0    130.97      56.7        
1020    2.8     147.53    3445.0    131.53      54.9        
1020    2.9     152.8     3445.0    132.08      53.3        
1030    0.5     26.47     3462.0    118.67      276.3       
1030    0.6     31.77     3462.0    119.23      231.3       
1030    0.7     37.06     3462.0    119.79      199.2       
1030    0.8     42.36     3462.0    120.35      175.1       
1030    0.9     47.65     3462.0    120.91      156.4       
1030    1.0     52.95     3462.0    121.48      141.4       
1030    1.1     58.24     3462.0    122.04      129.2       
1030    1.2     63.54     3462.0    122.6       118.9       
1030    1.3     68.83     3462.0    123.16      110.3       
1030    1.4     74.13     3462.0    123.72      102.9       
1030    1.5     79.42     3462.0    124.28      96.5        
1030    1.6     84.72     3462.0    124.85      90.8        
1030    1.7     90.01     3462.0    125.41      85.9        
1030    1.8     95.31     3462.0    125.97      81.5        
1030    1.9     100.6     3462.0    126.53      77.5        
1030    2.0     105.9     3462.0    127.09      74.0        
1030    2.1     111.19    3462.0    127.65      70.8        
1030    2.2     116.49    3462.0    128.21      67.8        
1030    2.3     121.78    3462.0    128.78      65.2        
1030    2.4     127.08    3462.0    129.34      62.7        
1030    2.5     132.37    3462.0    129.9       60.5        
1030    2.6     137.67    3462.0    130.46      58.4        
1030    2.7     142.96    3462.0    131.02      56.5        
1030    2.8     148.26    3462.0    131.58      54.7        
1030    2.9     153.55    3462.0    132.15      53.0        
1040    0.5     26.6      3479.0    118.61      274.9       
1040    0.6     31.92     3479.0    119.18      230.2       
1040    0.7     37.24     3479.0    119.74      198.3       
1040    0.8     42.56     3479.0    120.31      174.3       
1040    0.9     47.88     3479.0    120.88      155.7       
1040    1.0     53.2      3479.0    121.44      140.7       
1040    1.1     58.53     3479.0    122.01      128.5       
1040    1.2     63.85     3479.0    122.58      118.4       
1040    1.3     69.17     3479.0    123.14      109.8       
1040    1.4     74.49     3479.0    123.71      102.4       
1040    1.5     79.81     3479.0    124.28      96.0        
1040    1.6     85.13     3479.0    124.84      90.4        
1040    1.7     90.45     3479.0    125.41      85.5        
1040    1.8     95.77     3479.0    125.98      81.1        
1040    1.9     101.09    3479.0    126.54      77.2        
1040    2.0     106.41    3479.0    127.11      73.7        
1040    2.1     111.73    3479.0    127.68      70.5        
1040    2.2     117.05    3479.0    128.24      67.6        
1040    2.3     122.37    3479.0    128.81      64.9        
1040    2.4     127.69    3479.0    129.38      62.5        
1040    2.5     133.01    3479.0    129.94      60.2        
1040    2.6     138.33    3479.0    130.51      58.2        
1040    2.7     143.65    3479.0    131.08      56.3        
1040    2.8     148.97    3479.0    131.64      54.5        
1040    2.9     154.29    3479.0    132.21      52.8        
1050    0.5     26.73     3496.0    118.56      273.6       
1050    0.6     32.08     3496.0    119.13      229.1       
1050    0.7     37.42     3496.0    119.7       197.3       
1050    0.8     42.77     3496.0    120.27      173.5       
1050    0.9     48.11     3496.0    120.84      154.9       
1050    1.0     53.46     3496.0    121.41      140.1       
1050    1.1     58.81     3496.0    121.99      128.0       
1050    1.2     64.15     3496.0    122.56      117.8       
1050    1.3     69.5      3496.0    123.13      109.3       
1050    1.4     74.84     3496.0    123.7       101.9       
1050    1.5     80.19     3496.0    124.27      95.6        
1050    1.6     85.54     3496.0    124.84      90.0        
1050    1.7     90.88     3496.0    125.42      85.1        
1050    1.8     96.23     3496.0    125.99      80.8        
1050    1.9     101.57    3496.0    126.56      76.9        
1050    2.0     106.92    3496.0    127.13      73.3        
1050    2.1     112.27    3496.0    127.7       70.2        
1050    2.2     117.61    3496.0    128.27      67.3        
1050    2.3     122.96    3496.0    128.85      64.6        
1050    2.4     128.3     3496.0    129.42      62.2        
1050    2.5     133.65    3496.0    129.99      60.0        
1050    2.6     139.0     3496.0    130.56      57.9        
1050    2.7     144.34    3496.0    131.13      56.0        
1050    2.8     149.69    3496.0    131.7       54.3        
1050    2.9     155.03    3496.0    132.28      52.6        
1060    0.5     26.86     3512.0    118.5       272.3       
1060    0.6     32.23     3512.0    119.08      228.0       
1060    0.7     37.6      3512.0    119.65      196.4       
1060    0.8     42.97     3512.0    120.23      172.6       
1060    0.9     48.34     3512.0    120.81      154.2       
1060    1.0     53.71     3512.0    121.38      139.4       
1060    1.1     59.09     3512.0    121.96      127.4       
1060    1.2     64.46     3512.0    122.54      117.3       
1060    1.3     69.83     3512.0    123.11      108.8       
1060    1.4     75.2      3512.0    123.69      101.5       
1060    1.5     80.57     3512.0    124.27      95.2        
1060    1.6     85.94     3512.0    124.84      89.6        
1060    1.7     91.31     3512.0    125.42      84.8        
1060    1.8     96.69     3512.0    126.0       80.4        
1060    1.9     102.06    3512.0    126.57      76.5        
1060    2.0     107.43    3512.0    127.15      73.0        
1060    2.1     112.8     3512.0    127.73      69.9        
1060    2.2     118.17    3512.0    128.31      67.0        
1060    2.3     123.54    3512.0    128.88      64.4        
1060    2.4     128.91    3512.0    129.46      62.0        
1060    2.5     134.29    3512.0    130.04      59.8        
1060    2.6     139.66    3512.0    130.61      57.7        
1060    2.7     145.03    3512.0    131.19      55.8        
1060    2.8     150.4     3512.0    131.77      54.1        
1060    2.9     155.77    3512.0    132.34      52.4        
1070    0.5     26.98     3529.0    118.45      270.9       
1070    0.6     32.38     3529.0    119.03      226.9       
1070    0.7     37.78     3529.0    119.61      195.4       
1070    0.8     43.17     3529.0    120.19      171.8       
1070    0.9     48.57     3529.0    120.77      153.5       
1070    1.0     53.97     3529.0    121.36      138.8       
1070    1.1     59.36     3529.0    121.94      126.8       
1070    1.2     64.76     3529.0    122.52      116.8       
1070    1.3     70.16     3529.0    123.1       108.3       
1070    1.4     75.55     3529.0    123.68      101.0       
1070    1.5     80.95     3529.0    124.27      94.8        
1070    1.6     86.35     3529.0    124.85      89.2        
1070    1.7     91.74     3529.0    125.43      84.4        
1070    1.8     97.14     3529.0    126.01      80.1        
1070    1.9     102.54    3529.0    126.59      76.2        
1070    2.0     107.93    3529.0    127.17      72.7        
1070    2.1     113.33    3529.0    127.76      69.6        
1070    2.2     118.73    3529.0    128.34      66.7        
1070    2.3     124.12    3529.0    128.92      64.1        
1070    2.4     129.52    3529.0    129.5       61.7        
1070    2.5     134.92    3529.0    130.08      59.5        
1070    2.6     140.31    3529.0    130.66      57.5        
1070    2.7     145.71    3529.0    131.25      55.6        
1070    2.8     151.11    3529.0    131.83      53.8        
1070    2.9     156.5     3529.0    132.41      52.2        
1080    0.5     27.11     3545.0    118.4       269.7       
1080    0.6     32.53     3545.0    118.98      225.8       
1080    0.7     37.95     3545.0    119.57      194.5       
1080    0.8     43.37     3545.0    120.16      171.0       
1080    0.9     48.8      3545.0    120.74      152.8       
1080    1.0     54.22     3545.0    121.33      138.2       
1080    1.1     59.64     3545.0    121.92      126.2       
1080    1.2     65.06     3545.0    122.5       116.3       
1080    1.3     70.48     3545.0    123.09      107.8       
1080    1.4     75.91     3545.0    123.68      100.6       
1080    1.5     81.33     3545.0    124.26      94.3        
1080    1.6     86.75     3545.0    124.85      88.9        
1080    1.7     92.17     3545.0    125.44      84.0        
1080    1.8     97.59     3545.0    126.02      79.7        
1080    1.9     103.02    3545.0    126.61      75.9        
1080    2.0     108.44    3545.0    127.2       72.4        
1080    2.1     113.86    3545.0    127.78      69.3        
1080    2.2     119.28    3545.0    128.37      66.5        
1080    2.3     124.7     3545.0    128.96      63.9        
1080    2.4     130.12    3545.0    129.54      61.5        
1080    2.5     135.55    3545.0    130.13      59.3        
1080    2.6     140.97    3545.0    130.72      57.3        
1080    2.7     146.39    3545.0    131.31      55.4        
1080    2.8     151.81    3545.0    131.89      53.6        
1080    2.9     157.23    3545.0    132.48      52.0        
1090    0.5     27.23     3562.0    118.34      268.4       
1090    0.6     32.68     3562.0    118.94      224.8       
1090    0.7     38.13     3562.0    119.53      193.6       
1090    0.8     43.58     3562.0    120.12      170.3       
1090    0.9     49.02     3562.0    120.71      152.1       
1090    1.0     54.47     3562.0    121.3       137.6       
1090    1.1     59.92     3562.0    121.9       125.7       
1090    1.2     65.36     3562.0    122.49      115.7       
1090    1.3     70.81     3562.0    123.08      107.4       
1090    1.4     76.26     3562.0    123.67      100.2       
1090    1.5     81.7      3562.0    124.26      93.9        
1090    1.6     87.15     3562.0    124.85      88.5        
1090    1.7     92.6      3562.0    125.45      83.7        
1090    1.8     98.04     3562.0    126.04      79.4        
1090    1.9     103.49    3562.0    126.63      75.6        
1090    2.0     108.94    3562.0    127.22      72.1        
1090    2.1     114.38    3562.0    127.81      69.0        
1090    2.2     119.83    3562.0    128.41      66.2        
1090    2.3     125.28    3562.0    129.0       63.6        
1090    2.4     130.73    3562.0    129.59      61.2        
1090    2.5     136.17    3562.0    130.18      59.0        
1090    2.6     141.62    3562.0    130.77      57.0        
1090    2.7     147.07    3562.0    131.36      55.2        
1090    2.8     152.51    3562.0    131.96      53.4        
1090    2.9     157.96    3562.0    132.55      51.8        
1100    0.5     27.36     3578.0    118.29      267.1       
1100    0.6     32.83     3578.0    118.89      223.7       
1100    0.7     38.3      3578.0    119.49      192.7       
1100    0.8     43.77     3578.0    120.08      169.5       
1100    0.9     49.25     3578.0    120.68      151.4       
1100    1.0     54.72     3578.0    121.28      136.9       
1100    1.1     60.19     3578.0    121.88      125.1       
1100    1.2     65.66     3578.0    122.47      115.2       
1100    1.3     71.13     3578.0    123.07      106.9       
1100    1.4     76.61     3578.0    123.67      99.7        
1100    1.5     82.08     3578.0    124.26      93.5        
1100    1.6     87.55     3578.0    124.86      88.1        
1100    1.7     93.02     3578.0    125.46      83.3        
1100    1.8     98.49     3578.0    126.05      79.1        
1100    1.9     103.96    3578.0    126.65      75.3        
1100    2.0     109.44    3578.0    127.25      71.8        
1100    2.1     114.91    3578.0    127.84      68.7        
1100    2.2     120.38    3578.0    128.44      65.9        
1100    2.3     125.85    3578.0    129.04      63.3        
1100    2.4     131.32    3578.0    129.64      61.0        
1100    2.5     136.8     3578.0    130.23      58.8        
1100    2.6     142.27    3578.0    130.83      56.8        
1100    2.7     147.74    3578.0    131.43      55.0        
1100    2.8     153.21    3578.0    132.02      53.2        
1100    2.9     158.68    3578.0    132.62      51.6        
1110    0.5     27.48     3594.0    118.25      265.9       
1110    0.6     32.98     3594.0    118.85      222.7       
1110    0.7     38.48     3594.0    119.45      191.9       
1110    0.8     43.97     3594.0    120.05      168.7       
1110    0.9     49.47     3594.0    120.65      150.7       
1110    1.0     54.97     3594.0    121.25      136.3       
1110    1.1     60.46     3594.0    121.86      124.6       
1110    1.2     65.96     3594.0    122.46      114.7       
1110    1.3     71.46     3594.0    123.06      106.4       
1110    1.4     76.95     3594.0    123.66      99.3        
1110    1.5     82.45     3594.0    124.26      93.1        
1110    1.6     87.95     3594.0    124.87      87.7        
1110    1.7     93.44     3594.0    125.47      83.0        
1110    1.8     98.94     3594.0    126.07      78.8        
1110    1.9     104.44    3594.0    126.67      75.0        
1110    2.0     109.93    3594.0    127.27      71.6        
1110    2.1     115.43    3594.0    127.88      68.5        
1110    2.2     120.93    3594.0    128.48      65.7        
1110    2.3     126.42    3594.0    129.08      63.1        
1110    2.4     131.92    3594.0    129.68      60.8        
1110    2.5     137.42    3594.0    130.28      58.6        
1110    2.6     142.91    3594.0    130.89      56.6        
1110    2.7     148.41    3594.0    131.49      54.8        
1110    2.8     153.91    3594.0    132.09      53.0        
1110    2.9     159.4     3594.0    132.69      51.4        
1120    0.5     27.61     3610.0    118.2       264.7       
1120    0.6     33.13     3610.0    118.8       221.7       
1120    0.7     38.65     3610.0    119.41      191.0       
1120    0.8     44.17     3610.0    120.02      168.0       
1120    0.9     49.69     3610.0    120.63      150.1       
1120    1.0     55.21     3610.0    121.23      135.7       
1120    1.1     60.73     3610.0    121.84      124.0       
1120    1.2     66.26     3610.0    122.45      114.3       
1120    1.3     71.78     3610.0    123.05      106.0       
1120    1.4     77.3      3610.0    123.66      98.9        
1120    1.5     82.82     3610.0    124.27      92.8        
1120    1.6     88.34     3610.0    124.87      87.4        
1120    1.7     93.86     3610.0    125.48      82.6        
1120    1.8     99.38     3610.0    126.09      78.4        
1120    1.9     104.91    3610.0    126.69      74.7        
1120    2.0     110.43    3610.0    127.3       71.3        
1120    2.1     115.95    3610.0    127.91      68.2        
1120    2.2     121.47    3610.0    128.52      65.4        
1120    2.3     126.99    3610.0    129.12      62.9        
1120    2.4     132.51    3610.0    129.73      60.5        
1120    2.5     138.03    3610.0    130.34      58.4        
1120    2.6     143.55    3610.0    130.94      56.4        
1120    2.7     149.08    3610.0    131.55      54.6        
1120    2.8     154.6     3610.0    132.16      52.8        
1120    2.9     160.12    3610.0    132.76      51.3        
1130    0.5     27.73     3626.0    118.15      263.5       
1130    0.6     33.28     3626.0    118.76      220.7       
1130    0.7     38.82     3626.0    119.37      190.2       
1130    0.8     44.37     3626.0    119.99      167.2       
1130    0.9     49.91     3626.0    120.6       149.4       
1130    1.0     55.46     3626.0    121.21      135.2       
1130    1.1     61.01     3626.0    121.82      123.5       
1130    1.2     66.55     3626.0    122.43      113.8       
1130    1.3     72.1      3626.0    123.05      105.5       
1130    1.4     77.64     3626.0    123.66      98.5        
1130    1.5     83.19     3626.0    124.27      92.4        
1130    1.6     88.73     3626.0    124.88      87.0        
1130    1.7     94.28     3626.0    125.49      82.3        
1130    1.8     99.83     3626.0    126.11      78.1        
1130    1.9     105.37    3626.0    126.72      74.4        
1130    2.0     110.92    3626.0    127.33      71.0        
1130    2.1     116.46    3626.0    127.94      67.9        
1130    2.2     122.01    3626.0    128.55      65.2        
1130    2.3     127.56    3626.0    129.17      62.6        
1130    2.4     133.1     3626.0    129.78      60.3        
1130    2.5     138.65    3626.0    130.39      58.2        
1130    2.6     144.19    3626.0    131.0       56.2        
1130    2.7     149.74    3626.0    131.61      54.4        
1130    2.8     155.29    3626.0    132.23      52.7        
1130    2.9     160.83    3626.0    132.84      51.1        
1140    0.5     27.85     3642.0    118.1       262.3       
1140    0.6     33.42     3642.0    118.72      219.7       
1140    0.7     38.99     3642.0    119.34      189.3       
1140    0.8     44.56     3642.0    119.96      166.5       
1140    0.9     50.13     3642.0    120.57      148.8       
1140    1.0     55.7      3642.0    121.19      134.6       
1140    1.1     61.27     3642.0    121.81      123.0       
1140    1.2     66.85     3642.0    122.42      113.3       
1140    1.3     72.42     3642.0    123.04      105.1       
1140    1.4     77.99     3642.0    123.66      98.1        
1140    1.5     83.56     3642.0    124.27      92.0        
1140    1.6     89.13     3642.0    124.89      86.7        
1140    1.7     94.7      3642.0    125.51      82.0        
1140    1.8     100.27    3642.0    126.13      77.8        
1140    1.9     105.84    3642.0    126.74      74.1        
1140    2.0     111.41    3642.0    127.36      70.7        
1140    2.1     116.98    3642.0    127.98      67.7        
1140    2.2     122.55    3642.0    128.59      64.9        
1140    2.3     128.12    3642.0    129.21      62.4        
1140    2.4     133.69    3642.0    129.83      60.1        
1140    2.5     139.26    3642.0    130.45      57.9        
1140    2.6     144.83    3642.0    131.06      56.0        
1140    2.7     150.4     3642.0    131.68      54.2        
1140    2.8     155.97    3642.0    132.3       52.5        
1140    2.9     161.54    3642.0    132.91      50.9        
1150    0.5     27.97     3658.0    118.06      261.1       
1150    0.6     33.57     3658.0    118.68      218.8       
1150    0.7     39.16     3658.0    119.3       188.5       
1150    0.8     44.76     3658.0    119.93      165.8       
1150    0.9     50.35     3658.0    120.55      148.1       
1150    1.0     55.95     3658.0    121.17      134.0       
1150    1.1     61.54     3658.0    121.79      122.5       
1150    1.2     67.14     3658.0    122.41      112.8       
1150    1.3     72.73     3658.0    123.04      104.7       
1150    1.4     78.33     3658.0    123.66      97.7        
1150    1.5     83.92     3658.0    124.28      91.6        
1150    1.6     89.52     3658.0    124.9       86.3        
1150    1.7     95.11     3658.0    125.52      81.7        
1150    1.8     100.71    3658.0    126.15      77.5        
1150    1.9     106.3     3658.0    126.77      73.8        
1150    2.0     111.9     3658.0    127.39      70.4        
1150    2.1     117.49    3658.0    128.01      67.4        
1150    2.2     123.09    3658.0    128.63      64.7        
1150    2.3     128.68    3658.0    129.26      62.2        
1150    2.4     134.28    3658.0    129.88      59.9        
1150    2.5     139.87    3658.0    130.5       57.7        
1150    2.6     145.46    3658.0    131.12      55.8        
1150    2.7     151.06    3658.0    131.75      54.0        
1150    2.8     156.65    3658.0    132.37      52.3        
1150    2.9     162.25    3658.0    132.99      50.7        
1160    0.5     28.1      3674.0    118.02      260.0       
1160    0.6     33.71     3674.0    118.64      217.8       
1160    0.7     39.33     3674.0    119.27      187.7       
1160    0.8     44.95     3674.0    119.9       165.1       
1160    0.9     50.57     3674.0    120.52      147.5       
1160    1.0     56.19     3674.0    121.15      133.5       
1160    1.1     61.81     3674.0    121.78      121.9       
1160    1.2     67.43     3674.0    122.41      112.4       
1160    1.3     73.05     3674.0    123.03      104.3       
1160    1.4     78.67     3674.0    123.66      97.3        
1160    1.5     84.29     3674.0    124.29      91.3        
1160    1.6     89.91     3674.0    124.91      86.0        
1160    1.7     95.52     3674.0    125.54      81.3        
1160    1.8     101.14    3674.0    126.17      77.2        
1160    1.9     106.76    3674.0    126.8       73.5        
1160    2.0     112.38    3674.0    127.42      70.2        
1160    2.1     118.0     3674.0    128.05      67.2        
1160    2.2     123.62    3674.0    128.68      64.4        
1160    2.3     129.24    3674.0    129.3       61.9        
1160    2.4     134.86    3674.0    129.93      59.6        
1160    2.5     140.48    3674.0    130.56      57.5        
1160    2.6     146.1     3674.0    131.18      55.6        
1160    2.7     151.71    3674.0    131.81      53.8        
1160    2.8     157.33    3674.0    132.44      52.1        
1160    2.9     162.95    3674.0    133.07      50.5        
1170    0.5     28.22     3690.0    117.97      258.9       
1170    0.6     33.86     3690.0    118.6       216.9       
1170    0.7     39.5      3690.0    119.24      186.9       
1170    0.8     45.15     3690.0    119.87      164.4       
1170    0.9     50.79     3690.0    120.5       146.9       
1170    1.0     56.43     3690.0    121.13      132.9       
1170    1.1     62.08     3690.0    121.77      121.4       
1170    1.2     67.72     3690.0    122.4       111.9       
1170    1.3     73.36     3690.0    123.03      103.8       
1170    1.4     79.01     3690.0    123.66      96.9        
1170    1.5     84.65     3690.0    124.29      90.9        
1170    1.6     90.29     3690.0    124.93      85.7        
1170    1.7     95.94     3690.0    125.56      81.0        
1170    1.8     101.58    3690.0    126.19      76.9        
1170    1.9     107.22    3690.0    126.82      73.2        
1170    2.0     112.86    3690.0    127.45      69.9        
1170    2.1     118.51    3690.0    128.09      66.9        
1170    2.2     124.15    3690.0    128.72      64.2        
1170    2.3     129.79    3690.0    129.35      61.7        
1170    2.4     135.44    3690.0    129.98      59.4        
1170    2.5     141.08    3690.0    130.62      57.3        
1170    2.6     146.72    3690.0    131.25      55.4        
1170    2.7     152.37    3690.0    131.88      53.6        
1170    2.8     158.01    3690.0    132.51      51.9        
1170    2.9     163.65    3690.0    133.14      50.4        
1180    0.5     28.34     3706.0    117.93      257.7       
1180    0.6     34.0      3706.0    118.57      216.0       
1180    0.7     39.67     3706.0    119.2       186.1       
1180    0.8     45.34     3706.0    119.84      163.7       
1180    0.9     51.01     3706.0    120.48      146.3       
1180    1.0     56.67     3706.0    121.12      132.4       
1180    1.1     62.34     3706.0    121.75      121.0       
1180    1.2     68.01     3706.0    122.39      111.5       
1180    1.3     73.67     3706.0    123.03      103.4       
1180    1.4     79.34     3706.0    123.66      96.5        
1180    1.5     85.01     3706.0    124.3       90.6        
1180    1.6     90.68     3706.0    124.94      85.3        
1180    1.7     96.34     3706.0    125.58      80.7        
1180    1.8     102.01    3706.0    126.21      76.6        
1180    1.9     107.68    3706.0    126.85      73.0        
1180    2.0     113.35    3706.0    127.49      69.7        
1180    2.1     119.01    3706.0    128.12      66.7        
1180    2.2     124.68    3706.0    128.76      64.0        
1180    2.3     130.35    3706.0    129.4       61.5        
1180    2.4     136.02    3706.0    130.04      59.2        
1180    2.5     141.68    3706.0    130.67      57.1        
1180    2.6     147.35    3706.0    131.31      55.2        
1180    2.7     153.02    3706.0    131.95      53.4        
1180    2.8     158.68    3706.0    132.59      51.7        
1180    2.9     164.35    3706.0    133.22      50.2        
1190    0.5     28.46     3721.0    117.89      256.6       
1190    0.6     34.15     3721.0    118.53      215.0       
1190    0.7     39.84     3721.0    119.17      185.3       
1190    0.8     45.53     3721.0    119.82      163.0       
1190    0.9     51.22     3721.0    120.46      145.7       
1190    1.0     56.91     3721.0    121.1       131.8       
1190    1.1     62.6      3721.0    121.74      120.5       
1190    1.2     68.3      3721.0    122.38      111.0       
1190    1.3     73.99     3721.0    123.03      103.0       
1190    1.4     79.68     3721.0    123.67      96.2        
1190    1.5     85.37     3721.0    124.31      90.2        
1190    1.6     91.06     3721.0    124.95      85.0        
1190    1.7     96.75     3721.0    125.6       80.4        
1190    1.8     102.44    3721.0    126.24      76.3        
1190    1.9     108.13    3721.0    126.88      72.7        
1190    2.0     113.83    3721.0    127.52      69.4        
1190    2.1     119.52    3721.0    128.16      66.4        
1190    2.2     125.21    3721.0    128.81      63.7        
1190    2.3     130.9     3721.0    129.45      61.3        
1190    2.4     136.59    3721.0    130.09      59.0        
1190    2.5     142.28    3721.0    130.73      56.9        
1190    2.6     147.97    3721.0    131.38      55.0        
1190    2.7     153.66    3721.0    132.02      53.2        
1190    2.8     159.36    3721.0    132.66      51.6        
1190    2.9     165.05    3721.0    133.3       50.0        
1200    0.5     28.58     3737.0    117.85      255.6       
1200    0.6     34.29     3737.0    118.5       214.1       
1200    0.7     40.01     3737.0    119.14      184.5       
1200    0.8     45.72     3737.0    119.79      162.4       
1200    0.9     51.44     3737.0    120.44      145.1       
1200    1.0     57.15     3737.0    121.08      131.3       
1200    1.1     62.87     3737.0    121.73      120.0       
1200    1.2     68.58     3737.0    122.38      110.6       
1200    1.3     74.3      3737.0    123.03      102.6       
1200    1.4     80.01     3737.0    123.67      95.8        
1200    1.5     85.73     3737.0    124.32      89.9        
1200    1.6     91.44     3737.0    124.97      84.7        
1200    1.7     97.16     3737.0    125.62      80.1        
1200    1.8     102.87    3737.0    126.26      76.1        
1200    1.9     108.59    3737.0    126.91      72.4        
1200    2.0     114.3     3737.0    127.56      69.2        
1200    2.1     120.02    3737.0    128.2       66.2        
1200    2.2     125.73    3737.0    128.85      63.5        
1200    2.3     131.45    3737.0    129.5       61.0        
1200    2.4     137.16    3737.0    130.15      58.8        
1200    2.5     142.88    3737.0    130.79      56.7        
1200    2.6     148.59    3737.0    131.44      54.8        
1200    2.7     154.31    3737.0    132.09      53.0        
1200    2.8     160.02    3737.0    132.73      51.4        
1200    2.9     165.74    3737.0    133.38      49.9        
1210    0.5     28.69     3753.0    117.81      254.5       
1210    0.6     34.43     3753.0    118.46      213.2       
1210    0.7     40.17     3753.0    119.11      183.8       
1210    0.8     45.91     3753.0    119.77      161.7       
1210    0.9     51.65     3753.0    120.42      144.5       
1210    1.0     57.39     3753.0    121.07      130.8       
1210    1.1     63.13     3753.0    121.72      119.5       
1210    1.2     68.87     3753.0    122.37      110.1       
1210    1.3     74.61     3753.0    123.03      102.2       
1210    1.4     80.34     3753.0    123.68      95.4        
1210    1.5     86.08     3753.0    124.33      89.5        
1210    1.6     91.82     3753.0    124.98      84.4        
1210    1.7     97.56     3753.0    125.64      79.8        
1210    1.8     103.3     3753.0    126.29      75.8        
1210    1.9     109.04    3753.0    126.94      72.2        
1210    2.0     114.78    3753.0    127.59      68.9        
1210    2.1     120.52    3753.0    128.24      66.0        
1210    2.2     126.26    3753.0    128.9       63.3        
1210    2.3     131.99    3753.0    129.55      60.8        
1210    2.4     137.73    3753.0    130.2       58.6        
1210    2.5     143.47    3753.0    130.85      56.5        
1210    2.6     149.21    3753.0    131.51      54.6        
1210    2.7     154.95    3753.0    132.16      52.9        
1210    2.8     160.69    3753.0    132.81      51.2        
1210    2.9     166.43    3753.0    133.46      49.7        
1220    0.5     28.81     3768.0    117.77      253.4       
1220    0.6     34.58     3768.0    118.43      212.4       
1220    0.7     40.34     3768.0    119.08      183.0       
1220    0.8     46.1      3768.0    119.74      161.0       
1220    0.9     51.86     3768.0    120.4       143.9       
1220    1.0     57.63     3768.0    121.06      130.2       
1220    1.1     63.39     3768.0    121.71      119.1       
1220    1.2     69.15     3768.0    122.37      109.7       
1220    1.3     74.91     3768.0    123.03      101.8       
1220    1.4     80.68     3768.0    123.69      95.1        
1220    1.5     86.44     3768.0    124.34      89.2        
1220    1.6     92.2      3768.0    125.0       84.1        
1220    1.7     97.96     3768.0    125.66      79.5        
1220    1.8     103.73    3768.0    126.31      75.5        
1220    1.9     109.49    3768.0    126.97      71.9        
1220    2.0     115.25    3768.0    127.63      68.7        
1220    2.1     121.01    3768.0    128.29      65.7        
1220    2.2     126.78    3768.0    128.94      63.1        
1220    2.3     132.54    3768.0    129.6       60.6        
1220    2.4     138.3     3768.0    130.26      58.4        
1220    2.5     144.06    3768.0    130.92      56.3        
1220    2.6     149.83    3768.0    131.57      54.4        
1220    2.7     155.59    3768.0    132.23      52.7        
1220    2.8     161.35    3768.0    132.89      51.1        
1220    2.9     167.11    3768.0    133.54      49.5        
1230    0.5     28.93     3783.0    117.73      252.4       
1230    0.6     34.72     3783.0    118.39      211.5       
1230    0.7     40.5      3783.0    119.06      182.3       
1230    0.8     46.29     3783.0    119.72      160.4       
1230    0.9     52.08     3783.0    120.38      143.4       
1230    1.0     57.86     3783.0    121.04      129.7       
1230    1.1     63.65     3783.0    121.71      118.6       
1230    1.2     69.43     3783.0    122.37      109.3       
1230    1.3     75.22     3783.0    123.03      101.4       
1230    1.4     81.01     3783.0    123.69      94.7        
1230    1.5     86.79     3783.0    124.36      88.9        
1230    1.6     92.58     3783.0    125.02      83.7        
1230    1.7     98.36     3783.0    125.68      79.2        
1230    1.8     104.15    3783.0    126.34      75.2        
1230    1.9     109.94    3783.0    127.0       71.6        
1230    2.0     115.72    3783.0    127.67      68.4        
1230    2.1     121.51    3783.0    128.33      65.5        
1230    2.2     127.29    3783.0    128.99      62.8        
1230    2.3     133.08    3783.0    129.65      60.4        
1230    2.4     138.87    3783.0    130.32      58.2        
1230    2.5     144.65    3783.0    130.98      56.2        
1230    2.6     150.44    3783.0    131.64      54.3        
1230    2.7     156.23    3783.0    132.3       52.5        
1230    2.8     162.01    3783.0    132.97      50.9        
1230    2.9     167.8     3783.0    133.63      49.4        
1240    0.5     29.05     3799.0    117.7       251.3       
1240    0.6     34.86     3799.0    118.36      210.6       
1240    0.7     40.67     3799.0    119.03      181.6       
1240    0.8     46.48     3799.0    119.7       159.8       
1240    0.9     52.29     3799.0    120.36      142.8       
1240    1.0     58.1      3799.0    121.03      129.2       
1240    1.1     63.91     3799.0    121.7       118.1       
1240    1.2     69.72     3799.0    122.37      108.9       
1240    1.3     75.52     3799.0    123.03      101.1       
1240    1.4     81.33     3799.0    123.7       94.3        
1240    1.5     87.14     3799.0    124.37      88.5        
1240    1.6     92.95     3799.0    125.04      83.4        
1240    1.7     98.76     3799.0    125.7       79.0        
1240    1.8     104.57    3799.0    126.37      75.0        
1240    1.9     110.38    3799.0    127.04      71.4        
1240    2.0     116.19    3799.0    127.7       68.2        
1240    2.1     122.0     3799.0    128.37      65.3        
1240    2.2     127.81    3799.0    129.04      62.6        
1240    2.3     133.62    3799.0    129.71      60.2        
1240    2.4     139.43    3799.0    130.37      58.0        
1240    2.5     145.24    3799.0    131.04      56.0        
1240    2.6     151.05    3799.0    131.71      54.1        
1240    2.7     156.86    3799.0    132.38      52.4        
1240    2.8     162.67    3799.0    133.04      50.7        
1240    2.9     168.48    3799.0    133.71      49.2        
1250    0.5     29.16     3814.0    117.66      250.3       
1250    0.6     35.0      3814.0    118.33      209.8       
1250    0.7     40.83     3814.0    119.0       180.8       
1250    0.8     46.66     3814.0    119.68      159.1       
1250    0.9     52.5      3814.0    120.35      142.3       
1250    1.0     58.33     3814.0    121.02      128.7       
1250    1.1     64.16     3814.0    121.69      117.7       
1250    1.2     70.0      3814.0    122.37      108.5       
1250    1.3     75.83     3814.0    123.04      100.7       
1250    1.4     81.66     3814.0    123.71      94.0        
1250    1.5     87.49     3814.0    124.38      88.2        
1250    1.6     93.33     3814.0    125.05      83.1        
1250    1.7     99.16     3814.0    125.73      78.7        
1250    1.8     104.99    3814.0    126.4       74.7        
1250    1.9     110.83    3814.0    127.07      71.1        
1250    2.0     116.66    3814.0    127.74      67.9        
1250    2.1     122.49    3814.0    128.42      65.1        
1250    2.2     128.33    3814.0    129.09      62.4        
1250    2.3     134.16    3814.0    129.76      60.0        
1250    2.4     139.99    3814.0    130.43      57.8        
1250    2.5     145.82    3814.0    131.11      55.8        
1250    2.6     151.66    3814.0    131.78      53.9        
1250    2.7     157.49    3814.0    132.45      52.2        
1250    2.8     163.32    3814.0    133.12      50.6        
1250    2.9     169.16    3814.0    133.79      49.1        
1260    0.5     29.28     3829.0    117.62      249.3       
1260    0.6     35.14     3829.0    118.3       209.0       
1260    0.7     40.99     3829.0    118.98      180.1       
1260    0.8     46.85     3829.0    119.66      158.5       
1260    0.9     52.71     3829.0    120.33      141.7       
1260    1.0     58.56     3829.0    121.01      128.3       
1260    1.1     64.42     3829.0    121.69      117.2       
1260    1.2     70.28     3829.0    122.36      108.1       
1260    1.3     76.13     3829.0    123.04      100.3       
1260    1.4     81.99     3829.0    123.72      93.7        
1260    1.5     87.84     3829.0    124.4       87.9        
1260    1.6     93.7      3829.0    125.07      82.8        
1260    1.7     99.56     3829.0    125.75      78.4        
1260    1.8     105.41    3829.0    126.43      74.4        
1260    1.9     111.27    3829.0    127.11      70.9        
1260    2.0     117.13    3829.0    127.78      67.7        
1260    2.1     122.98    3829.0    128.46      64.8        
1260    2.2     128.84    3829.0    129.14      62.2        
1260    2.3     134.69    3829.0    129.82      59.8        
1260    2.4     140.55    3829.0    130.49      57.6        
1260    2.5     146.41    3829.0    131.17      55.6        
1260    2.6     152.26    3829.0    131.85      53.7        
1260    2.7     158.12    3829.0    132.52      52.0        
1260    2.8     163.98    3829.0    133.2       50.4        
1260    2.9     169.83    3829.0    133.88      48.9        
1270    0.5     29.4      3845.0    117.59      248.3       
1270    0.6     35.28     3845.0    118.27      208.1       
1270    0.7     41.16     3845.0    118.95      179.4       
1270    0.8     47.04     3845.0    119.64      157.9       
1270    0.9     52.92     3845.0    120.32      141.2       
1270    1.0     58.79     3845.0    121.0       127.8       
1270    1.1     64.67     3845.0    121.68      116.8       
1270    1.2     70.55     3845.0    122.36      107.7       
1270    1.3     76.43     3845.0    123.05      99.9        
1270    1.4     82.31     3845.0    123.73      93.3        
1270    1.5     88.19     3845.0    124.41      87.6        
1270    1.6     94.07     3845.0    125.09      82.6        
1270    1.7     99.95     3845.0    125.78      78.1        
1270    1.8     105.83    3845.0    126.46      74.2        
1270    1.9     111.71    3845.0    127.14      70.7        
1270    2.0     117.59    3845.0    127.82      67.5        
1270    2.1     123.47    3845.0    128.51      64.6        
1270    2.2     129.35    3845.0    129.19      62.0        
1270    2.3     135.23    3845.0    129.87      59.6        
1270    2.4     141.11    3845.0    130.55      57.4        
1270    2.5     146.99    3845.0    131.24      55.4        
1270    2.6     152.87    3845.0    131.92      53.6        
1270    2.7     158.75    3845.0    132.6       51.9        
1270    2.8     164.62    3845.0    133.28      50.3        
1270    2.9     170.5     3845.0    133.97      48.8        
1280    0.5     29.51     3860.0    117.55      247.3       
1280    0.6     35.42     3860.0    118.24      207.3       
1280    0.7     41.32     3860.0    118.93      178.7       
1280    0.8     47.22     3860.0    119.62      157.3       
1280    0.9     53.12     3860.0    120.3       140.6       
1280    1.0     59.03     3860.0    120.99      127.3       
1280    1.1     64.93     3860.0    121.68      116.4       
1280    1.2     70.83     3860.0    122.37      107.3       
1280    1.3     76.73     3860.0    123.05      99.6        
1280    1.4     82.64     3860.0    123.74      93.0        
1280    1.5     88.54     3860.0    124.43      87.3        
1280    1.6     94.44     3860.0    125.12      82.3        
1280    1.7     100.34    3860.0    125.8       77.9        
1280    1.8     106.25    3860.0    126.49      73.9        
1280    1.9     112.15    3860.0    127.18      70.4        
1280    2.0     118.05    3860.0    127.86      67.3        
1280    2.1     123.95    3860.0    128.55      64.4        
1280    2.2     129.86    3860.0    129.24      61.8        
1280    2.3     135.76    3860.0    129.93      59.4        
1280    2.4     141.66    3860.0    130.61      57.3        
1280    2.5     147.56    3860.0    131.3       55.3        
1280    2.6     153.47    3860.0    131.99      53.4        
1280    2.7     159.37    3860.0    132.68      51.7        
1280    2.8     165.27    3860.0    133.36      50.1        
1280    2.9     171.17    3860.0    134.05      48.6        
1290    0.5     29.63     3875.0    117.52      246.4       
1290    0.6     35.55     3875.0    118.21      206.5       
1290    0.7     41.48     3875.0    118.91      178.1       
1290    0.8     47.4      3875.0    119.6       156.7       
1290    0.9     53.33     3875.0    120.29      140.1       
1290    1.0     59.26     3875.0    120.98      126.8       
1290    1.1     65.18     3875.0    121.68      115.9       
1290    1.2     71.11     3875.0    122.37      106.9       
1290    1.3     77.03     3875.0    123.06      99.2        
1290    1.4     82.96     3875.0    123.75      92.7        
1290    1.5     88.88     3875.0    124.44      87.0        
1290    1.6     94.81     3875.0    125.14      82.0        
1290    1.7     100.73    3875.0    125.83      77.6        
1290    1.8     106.66    3875.0    126.52      73.7        
1290    1.9     112.59    3875.0    127.21      70.2        
1290    2.0     118.51    3875.0    127.91      67.0        
1290    2.1     124.44    3875.0    128.6       64.2        
1290    2.2     130.36    3875.0    129.29      61.6        
1290    2.3     136.29    3875.0    129.98      59.2        
1290    2.4     142.21    3875.0    130.68      57.1        
1290    2.5     148.14    3875.0    131.37      55.1        
1290    2.6     154.06    3875.0    132.06      53.2        
1290    2.7     159.99    3875.0    132.75      51.5        
1290    2.8     165.92    3875.0    133.45      50.0        
1290    2.9     171.84    3875.0    134.14      48.5        
1300    0.5     29.74     3890.0    117.49      245.4       
1300    0.6     35.69     3890.0    118.19      205.7       
1300    0.7     41.64     3890.0    118.88      177.4       
1300    0.8     47.59     3890.0    119.58      156.1       
1300    0.9     53.54     3890.0    120.28      139.6       
1300    1.0     59.48     3890.0    120.98      126.4       
1300    1.1     65.43     3890.0    121.67      115.5       
1300    1.2     71.38     3890.0    122.37      106.5       
1300    1.3     77.33     3890.0    123.07      98.9        
1300    1.4     83.28     3890.0    123.76      92.3        
1300    1.5     89.23     3890.0    124.46      86.7        
1300    1.6     95.18     3890.0    125.16      81.7        
1300    1.7     101.12    3890.0    125.86      77.3        
1300    1.8     107.07    3890.0    126.55      73.4        
1300    1.9     113.02    3890.0    127.25      70.0        
1300    2.0     118.97    3890.0    127.95      66.8        
1300    2.1     124.92    3890.0    128.65      64.0        
1300    2.2     130.87    3890.0    129.34      61.4        
1300    2.3     136.82    3890.0    130.04      59.1        
1300    2.4     142.76    3890.0    130.74      56.9        
1300    2.5     148.71    3890.0    131.44      54.9        
1300    2.6     154.66    3890.0    132.13      53.1        
1300    2.7     160.61    3890.0    132.83      51.4        
1300    2.8     166.56    3890.0    133.53      49.8        
1300    2.9     172.51    3890.0    134.23      48.3        
1310    0.5     29.86     3905.0    117.46      244.5       
1310    0.6     35.83     3905.0    118.16      204.9       
1310    0.7     41.8      3905.0    118.86      176.7       
1310    0.8     47.77     3905.0    119.56      155.5       
1310    0.9     53.74     3905.0    120.27      139.1       
1310    1.0     59.71     3905.0    120.97      125.9       
1310    1.1     65.68     3905.0    121.67      115.1       
1310    1.2     71.66     3905.0    122.37      106.1       
1310    1.3     77.63     3905.0    123.08      98.5        
1310    1.4     83.6      3905.0    123.78      92.0        
1310    1.5     89.57     3905.0    124.48      86.4        
1310    1.6     95.54     3905.0    125.18      81.4        
1310    1.7     101.51    3905.0    125.89      77.1        
1310    1.8     107.48    3905.0    126.59      73.2        
1310    1.9     113.46    3905.0    127.29      69.7        
1310    2.0     119.43    3905.0    127.99      66.6        
1310    2.1     125.4     3905.0    128.69      63.8        
1310    2.2     131.37    3905.0    129.4       61.2        
1310    2.3     137.34    3905.0    130.1       58.9        
1310    2.4     143.31    3905.0    130.8       56.7        
1310    2.5     149.28    3905.0    131.5       54.7        
1310    2.6     155.25    3905.0    132.21      52.9        
1310    2.7     161.23    3905.0    132.91      51.2        
1310    2.8     167.2     3905.0    133.61      49.7        
1310    2.9     173.17    3905.0    134.31      48.2        
1320    0.5     29.97     3919.0    117.42      243.5       
1320    0.6     35.96     3919.0    118.13      204.2       
1320    0.7     41.96     3919.0    118.84      176.1       
1320    0.8     47.95     3919.0    119.55      155.0       
1320    0.9     53.95     3919.0    120.25      138.6       
1320    1.0     59.94     3919.0    120.96      125.4       
1320    1.1     65.93     3919.0    121.67      114.7       
1320    1.2     71.93     3919.0    122.38      105.8       
1320    1.3     77.92     3919.0    123.08      98.2        
1320    1.4     83.92     3919.0    123.79      91.7        
1320    1.5     89.91     3919.0    124.5       86.1        
1320    1.6     95.91     3919.0    125.21      81.2        
1320    1.7     101.9     3919.0    125.91      76.8        
1320    1.8     107.89    3919.0    126.62      72.9        
1320    1.9     113.89    3919.0    127.33      69.5        
1320    2.0     119.88    3919.0    128.04      66.4        
1320    2.1     125.88    3919.0    128.74      63.6        
1320    2.2     131.87    3919.0    129.45      61.0        
1320    2.3     137.86    3919.0    130.16      58.7        
1320    2.4     143.86    3919.0    130.87      56.5        
1320    2.5     149.85    3919.0    131.57      54.6        
1320    2.6     155.85    3919.0    132.28      52.8        
1320    2.7     161.84    3919.0    132.99      51.1        
1320    2.8     167.83    3919.0    133.7       49.5        
1320    2.9     173.83    3919.0    134.4       48.1        
1330    0.5     30.08     3934.0    117.39      242.6       
1330    0.6     36.1      3934.0    118.11      203.4       
1330    0.7     42.12     3934.0    118.82      175.4       
1330    0.8     48.13     3934.0    119.53      154.4       
1330    0.9     54.15     3934.0    120.24      138.1       
1330    1.0     60.17     3934.0    120.96      125.0       
1330    1.1     66.18     3934.0    121.67      114.3       
1330    1.2     72.2      3934.0    122.38      105.4       
1330    1.3     78.22     3934.0    123.09      97.8        
1330    1.4     84.23     3934.0    123.81      91.4        
1330    1.5     90.25     3934.0    124.52      85.8        
1330    1.6     96.27     3934.0    125.23      80.9        
1330    1.7     102.28    3934.0    125.94      76.6        
1330    1.8     108.3     3934.0    126.66      72.7        
1330    1.9     114.32    3934.0    127.37      69.3        
1330    2.0     120.33    3934.0    128.08      66.2        
1330    2.1     126.35    3934.0    128.79      63.4        
1330    2.2     132.37    3934.0    129.51      60.8        
1330    2.3     138.39    3934.0    130.22      58.5        
1330    2.4     144.4     3934.0    130.93      56.4        
1330    2.5     150.42    3934.0    131.64      54.4        
1330    2.6     156.44    3934.0    132.36      52.6        
1330    2.7     162.45    3934.0    133.07      50.9        
1330    2.8     168.47    3934.0    133.78      49.4        
1330    2.9     174.49    3934.0    134.49      47.9        
1340    0.5     30.2      3949.0    117.36      241.7       
1340    0.6     36.24     3949.0    118.08      202.7       
1340    0.7     42.28     3949.0    118.8       174.8       
1340    0.8     48.31     3949.0    119.52      153.8       
1340    0.9     54.35     3949.0    120.23      137.6       
1340    1.0     60.39     3949.0    120.95      124.5       
1340    1.1     66.43     3949.0    121.67      113.9       
1340    1.2     72.47     3949.0    122.39      105.0       
1340    1.3     78.51     3949.0    123.1       97.5        
1340    1.4     84.55     3949.0    123.82      91.1        
1340    1.5     90.59     3949.0    124.54      85.5        
1340    1.6     96.63     3949.0    125.26      80.6        
1340    1.7     102.67    3949.0    125.97      76.3        
1340    1.8     108.71    3949.0    126.69      72.5        
1340    1.9     114.75    3949.0    127.41      69.1        
1340    2.0     120.79    3949.0    128.13      66.0        
1340    2.1     126.83    3949.0    128.84      63.2        
1340    2.2     132.87    3949.0    129.56      60.6        
1340    2.3     138.9     3949.0    130.28      58.3        
1340    2.4     144.94    3949.0    131.0       56.2        
1340    2.5     150.98    3949.0    131.71      54.3        
1340    2.6     157.02    3949.0    132.43      52.4        
1340    2.7     163.06    3949.0    133.15      50.8        
1340    2.8     169.1     3949.0    133.87      49.2        
1340    2.9     175.14    3949.0    134.58      47.8        
1350    0.5     30.31     3964.0    117.33      240.8       
1350    0.6     36.37     3964.0    118.06      201.9       
1350    0.7     42.43     3964.0    118.78      174.1       
1350    0.8     48.49     3964.0    119.5       153.3       
1350    0.9     54.56     3964.0    120.22      137.1       
1350    1.0     60.62     3964.0    120.95      124.1       
1350    1.1     66.68     3964.0    121.67      113.5       
1350    1.2     72.74     3964.0    122.39      104.7       
1350    1.3     78.8      3964.0    123.11      97.2        
1350    1.4     84.87     3964.0    123.84      90.8        
1350    1.5     90.93     3964.0    124.56      85.2        
1350    1.6     96.99     3964.0    125.28      80.3        
1350    1.7     103.05    3964.0    126.0       76.1        
1350    1.8     109.11    3964.0    126.73      72.2        
1350    1.9     115.17    3964.0    127.45      68.8        
1350    2.0     121.24    3964.0    128.17      65.8        
1350    2.1     127.3     3964.0    128.89      63.0        
1350    2.2     133.36    3964.0    129.62      60.5        
1350    2.3     139.42    3964.0    130.34      58.2        
1350    2.4     145.48    3964.0    131.06      56.0        
1350    2.5     151.55    3964.0    131.78      54.1        
1350    2.6     157.61    3964.0    132.51      52.3        
1350    2.7     163.67    3964.0    133.23      50.6        
1350    2.8     169.73    3964.0    133.95      49.1        
1350    2.9     175.79    3964.0    134.67      47.7        
1360    0.5     30.42     3978.0    117.31      239.9       
1360    0.6     36.51     3978.0    118.03      201.2       
1360    0.7     42.59     3978.0    118.76      173.5       
1360    0.8     48.67     3978.0    119.49      152.7       
1360    0.9     54.76     3978.0    120.22      136.6       
1360    1.0     60.84     3978.0    120.94      123.7       
1360    1.1     66.93     3978.0    121.67      113.1       
1360    1.2     73.01     3978.0    122.4       104.3       
1360    1.3     79.09     3978.0    123.13      96.9        
1360    1.4     85.18     3978.0    123.85      90.5        
1360    1.5     91.26     3978.0    124.58      84.9        
1360    1.6     97.35     3978.0    125.31      80.1        
1360    1.7     103.43    3978.0    126.04      75.8        
1360    1.8     109.52    3978.0    126.76      72.0        
1360    1.9     115.6     3978.0    127.49      68.6        
1360    2.0     121.68    3978.0    128.22      65.6        
1360    2.1     127.77    3978.0    128.95      62.8        
1360    2.2     133.85    3978.0    129.67      60.3        
1360    2.3     139.94    3978.0    130.4       58.0        
1360    2.4     146.02    3978.0    131.13      55.9        
1360    2.5     152.11    3978.0    131.85      53.9        
1360    2.6     158.19    3978.0    132.58      52.1        
1360    2.7     164.27    3978.0    133.31      50.5        
1360    2.8     170.36    3978.0    134.04      49.0        
1360    2.9     176.44    3978.0    134.76      47.5        
1370    0.5     30.53     3993.0    117.28      239.0       
1370    0.6     36.64     3993.0    118.01      200.4       
1370    0.7     42.75     3993.0    118.74      172.9       
1370    0.8     48.85     3993.0    119.47      152.2       
1370    0.9     54.96     3993.0    120.21      136.1       
1370    1.0     61.07     3993.0    120.94      123.3       
1370    1.1     67.17     3993.0    121.67      112.7       
1370    1.2     73.28     3993.0    122.4       104.0       
1370    1.3     79.39     3993.0    123.14      96.5        
1370    1.4     85.49     3993.0    123.87      90.2        
1370    1.5     91.6      3993.0    124.6       84.7        
1370    1.6     97.7      3993.0    125.33      79.8        
1370    1.7     103.81    3993.0    126.07      75.6        
1370    1.8     109.92    3993.0    126.8       71.8        
1370    1.9     116.02    3993.0    127.53      68.4        
1370    2.0     122.13    3993.0    128.26      65.4        
1370    2.1     128.24    3993.0    129.0       62.6        
1370    2.2     134.34    3993.0    129.73      60.1        
1370    2.3     140.45    3993.0    130.46      57.8        
1370    2.4     146.56    3993.0    131.19      55.7        
1370    2.5     152.66    3993.0    131.93      53.8        
1370    2.6     158.77    3993.0    132.66      52.0        
1370    2.7     164.88    3993.0    133.39      50.3        
1370    2.8     170.98    3993.0    134.12      48.8        
1370    2.9     177.09    3993.0    134.86      47.4        
1380    0.5     30.64     4008.0    117.25      238.2       
1380    0.6     36.77     4008.0    117.99      199.7       
1380    0.7     42.9      4008.0    118.72      172.3       
1380    0.8     49.03     4008.0    119.46      151.7       
1380    0.9     55.16     4008.0    120.2       135.6       
1380    1.0     61.29     4008.0    120.94      122.8       
1380    1.1     67.42     4008.0    121.67      112.3       
1380    1.2     73.55     4008.0    122.41      103.6       
1380    1.3     79.67     4008.0    123.15      96.2        
1380    1.4     85.8      4008.0    123.89      89.9        
1380    1.5     91.93     4008.0    124.62      84.4        
1380    1.6     98.06     4008.0    125.36      79.6        
1380    1.7     104.19    4008.0    126.1       75.3        
1380    1.8     110.32    4008.0    126.84      71.6        
1380    1.9     116.45    4008.0    127.57      68.2        
1380    2.0     122.58    4008.0    128.31      65.2        
1380    2.1     128.7     4008.0    129.05      62.4        
1380    2.2     134.83    4008.0    129.79      59.9        
1380    2.3     140.96    4008.0    130.52      57.6        
1380    2.4     147.09    4008.0    131.26      55.5        
1380    2.5     153.22    4008.0    132.0       53.6        
1380    2.6     159.35    4008.0    132.74      51.9        
1380    2.7     165.48    4008.0    133.47      50.2        
1380    2.8     171.61    4008.0    134.21      48.7        
1380    2.9     177.74    4008.0    134.95      47.3        
1390    0.5     30.75     4022.0    117.22      237.3       
1390    0.6     36.91     4022.0    117.97      199.0       
1390    0.7     43.06     4022.0    118.71      171.7       
1390    0.8     49.21     4022.0    119.45      151.1       
1390    0.9     55.36     4022.0    120.19      135.2       
1390    1.0     61.51     4022.0    120.94      122.4       
1390    1.1     67.66     4022.0    121.68      112.0       
1390    1.2     73.81     4022.0    122.42      103.3       
1390    1.3     79.96     4022.0    123.16      95.9        
1390    1.4     86.11     4022.0    123.91      89.6        
1390    1.5     92.26     4022.0    124.65      84.1        
1390    1.6     98.42     4022.0    125.39      79.3        
1390    1.7     104.57    4022.0    126.13      75.1        
1390    1.8     110.72    4022.0    126.88      71.3        
1390    1.9     116.87    4022.0    127.62      68.0        
1390    2.0     123.02    4022.0    128.36      65.0        
1390    2.1     129.17    4022.0    129.1       62.2        
1390    2.2     135.32    4022.0    129.84      59.7        
1390    2.3     141.47    4022.0    130.59      57.5        
1390    2.4     147.62    4022.0    131.33      55.4        
1390    2.5     153.77    4022.0    132.07      53.5        
1390    2.6     159.92    4022.0    132.81      51.7        
1390    2.7     166.08    4022.0    133.56      50.1        
1390    2.8     172.23    4022.0    134.3       48.6        
1390    2.9     178.38    4022.0    135.04      47.1        
1400    0.5     30.87     4036.0    117.2       236.5       
1400    0.6     37.04     4036.0    117.94      198.3       
1400    0.7     43.21     4036.0    118.69      171.1       
1400    0.8     49.38     4036.0    119.44      150.6       
1400    0.9     55.56     4036.0    120.19      134.7       
1400    1.0     61.73     4036.0    120.93      122.0       
1400    1.1     67.9      4036.0    121.68      111.6       
1400    1.2     74.08     4036.0    122.43      102.9       
1400    1.3     80.25     4036.0    123.18      95.6        
1400    1.4     86.42     4036.0    123.92      89.3        
1400    1.5     92.6      4036.0    124.67      83.8        
1400    1.6     98.77     4036.0    125.42      79.1        
1400    1.7     104.94    4036.0    126.17      74.9        
1400    1.8     111.11    4036.0    126.91      71.1        
1400    1.9     117.29    4036.0    127.66      67.8        
1400    2.0     123.46    4036.0    128.41      64.8        
1400    2.1     129.63    4036.0    129.16      62.0        
1400    2.2     135.81    4036.0    129.9       59.6        
1400    2.3     141.98    4036.0    130.65      57.3        
1400    2.4     148.15    4036.0    131.4       55.2        
1400    2.5     154.33    4036.0    132.15      53.3        
1400    2.6     160.5     4036.0    132.89      51.6        
1400    2.7     166.67    4036.0    133.64      49.9        
1400    2.8     172.85    4036.0    134.39      48.4        
1400    2.9     179.02    4036.0    135.14      47.0        
1410    0.5     30.98     4051.0    117.17      235.6       
1410    0.6     37.17     4051.0    117.92      197.6       
1410    0.7     43.37     4051.0    118.68      170.5       
1410    0.8     49.56     4051.0    119.43      150.1       
1410    0.9     55.76     4051.0    120.18      134.3       
1410    1.0     61.95     4051.0    120.93      121.6       
1410    1.1     68.15     4051.0    121.69      111.2       
1410    1.2     74.34     4051.0    122.44      102.6       
1410    1.3     80.54     4051.0    123.19      95.3        
1410    1.4     86.73     4051.0    123.94      89.0        
1410    1.5     92.93     4051.0    124.7       83.6        
1410    1.6     99.12     4051.0    125.45      78.8        
1410    1.7     105.32    4051.0    126.2       74.6        
1410    1.8     111.51    4051.0    126.95      70.9        
1410    1.9     117.71    4051.0    127.71      67.6        
1410    2.0     123.9     4051.0    128.46      64.6        
1410    2.1     130.1     4051.0    129.21      61.9        
1410    2.2     136.29    4051.0    129.96      59.4        
1410    2.3     142.49    4051.0    130.72      57.1        
1410    2.4     148.68    4051.0    131.47      55.1        
1410    2.5     154.88    4051.0    132.22      53.2        
1410    2.6     161.07    4051.0    132.97      51.4        
1410    2.7     167.27    4051.0    133.73      49.8        
1410    2.8     173.46    4051.0    134.48      48.3        
1410    2.9     179.66    4051.0    135.23      46.9        
1420    0.5     31.08     4065.0    117.15      234.8       
1420    0.6     37.3      4065.0    117.9       196.9       
1420    0.7     43.52     4065.0    118.66      169.9       
1420    0.8     49.74     4065.0    119.42      149.6       
1420    0.9     55.95     4065.0    120.18      133.8       
1420    1.0     62.17     4065.0    120.93      121.2       
1420    1.1     68.39     4065.0    121.69      110.9       
1420    1.2     74.6      4065.0    122.45      102.3       
1420    1.3     80.82     4065.0    123.2       95.0        
1420    1.4     87.04     4065.0    123.96      88.7        
1420    1.5     93.25     4065.0    124.72      83.3        
1420    1.6     99.47     4065.0    125.48      78.6        
1420    1.7     105.69    4065.0    126.23      74.4        
1420    1.8     111.91    4065.0    126.99      70.7        
1420    1.9     118.12    4065.0    127.75      67.4        
1420    2.0     124.34    4065.0    128.51      64.4        
1420    2.1     130.56    4065.0    129.26      61.7        
1420    2.2     136.77    4065.0    130.02      59.2        
1420    2.3     142.99    4065.0    130.78      57.0        
1420    2.4     149.21    4065.0    131.54      54.9        
1420    2.5     155.42    4065.0    132.29      53.0        
1420    2.6     161.64    4065.0    133.05      51.3        
1420    2.7     167.86    4065.0    133.81      49.7        
1420    2.8     174.08    4065.0    134.57      48.2        
1420    2.9     180.29    4065.0    135.32      46.8        
1430    0.5     31.19     4080.0    117.12      234.0       
1430    0.6     37.43     4080.0    117.88      196.2       
1430    0.7     43.67     4080.0    118.65      169.3       
1430    0.8     49.91     4080.0    119.41      149.1       
1430    0.9     56.15     4080.0    120.17      133.4       
1430    1.0     62.39     4080.0    120.93      120.8       
1430    1.1     68.63     4080.0    121.7       110.5       
1430    1.2     74.87     4080.0    122.46      101.9       
1430    1.3     81.1      4080.0    123.22      94.7        
1430    1.4     87.34     4080.0    123.98      88.5        
1430    1.5     93.58     4080.0    124.75      83.1        
1430    1.6     99.82     4080.0    125.51      78.4        
1430    1.7     106.06    4080.0    126.27      74.2        
1430    1.8     112.3     4080.0    127.03      70.5        
1430    1.9     118.54    4080.0    127.8       67.2        
1430    2.0     124.78    4080.0    128.56      64.2        
1430    2.1     131.02    4080.0    129.32      61.5        
1430    2.2     137.25    4080.0    130.08      59.1        
1430    2.3     143.49    4080.0    130.85      56.8        
1430    2.4     149.73    4080.0    131.61      54.8        
1430    2.5     155.97    4080.0    132.37      52.9        
1430    2.6     162.21    4080.0    133.13      51.1        
1430    2.7     168.45    4080.0    133.9       49.5        
1430    2.8     174.69    4080.0    134.66      48.0        
1430    2.9     180.93    4080.0    135.42      46.6        
1440    0.5     31.3      4094.0    117.1       233.2       
1440    0.6     37.56     4094.0    117.86      195.6       
1440    0.7     43.82     4094.0    118.63      168.7       
1440    0.8     50.08     4094.0    119.4       148.6       
1440    0.9     56.35     4094.0    120.17      132.9       
1440    1.0     62.61     4094.0    120.93      120.4       
1440    1.1     68.87     4094.0    121.7       110.1       
1440    1.2     75.13     4094.0    122.47      101.6       
1440    1.3     81.39     4094.0    123.24      94.4        
1440    1.4     87.65     4094.0    124.0       88.2        
1440    1.5     93.91     4094.0    124.77      82.8        
1440    1.6     100.17    4094.0    125.54      78.1        
1440    1.7     106.43    4094.0    126.31      74.0        
1440    1.8     112.69    4094.0    127.07      70.3        
1440    1.9     118.95    4094.0    127.84      67.0        
1440    2.0     125.21    4094.0    128.61      64.0        
1440    2.1     131.47    4094.0    129.38      61.3        
1440    2.2     137.73    4094.0    130.14      58.9        
1440    2.3     143.99    4094.0    130.91      56.7        
1440    2.4     150.25    4094.0    131.68      54.6        
1440    2.5     156.52    4094.0    132.45      52.7        
1440    2.6     162.78    4094.0    133.21      51.0        
1440    2.7     169.04    4094.0    133.98      49.4        
1440    2.8     175.3     4094.0    134.75      47.9        
1440    2.9     181.56    4094.0    135.52      46.5        
1450    0.5     31.41     4108.0    117.07      232.4       
1450    0.6     37.69     4108.0    117.84      194.9       
1450    0.7     43.98     4108.0    118.62      168.2       
1450    0.8     50.26     4108.0    119.39      148.1       
1450    0.9     56.54     4108.0    120.16      132.5       
1450    1.0     62.82     4108.0    120.93      120.0       
1450    1.1     69.11     4108.0    121.71      109.8       
1450    1.2     75.39     4108.0    122.48      101.3       
1450    1.3     81.67     4108.0    123.25      94.1        
1450    1.4     87.95     4108.0    124.02      87.9        
1450    1.5     94.23     4108.0    124.8       82.6        
1450    1.6     100.52    4108.0    125.57      77.9        
1450    1.7     106.8     4108.0    126.34      73.7        
1450    1.8     113.08    4108.0    127.11      70.1        
1450    1.9     119.36    4108.0    127.89      66.8        
1450    2.0     125.65    4108.0    128.66      63.8        
1450    2.1     131.93    4108.0    129.43      61.2        
1450    2.2     138.21    4108.0    130.2       58.7        
1450    2.3     144.49    4108.0    130.98      56.5        
1450    2.4     150.78    4108.0    131.75      54.5        
1450    2.5     157.06    4108.0    132.52      52.6        
1450    2.6     163.34    4108.0    133.29      50.9        
1450    2.7     169.62    4108.0    134.07      49.3        
1450    2.8     175.9     4108.0    134.84      47.8        
1450    2.9     182.19    4108.0    135.61      46.4        
1460    0.5     31.52     4122.0    117.05      231.6       
1460    0.6     37.82     4122.0    117.83      194.2       
1460    0.7     44.13     4122.0    118.6       167.6       
1460    0.8     50.43     4122.0    119.38      147.6       
1460    0.9     56.74     4122.0    120.16      132.1       
1460    1.0     63.04     4122.0    120.94      119.6       
1460    1.1     69.34     4122.0    121.71      109.4       
1460    1.2     75.65     4122.0    122.49      101.0       
1460    1.3     81.95     4122.0    123.27      93.8        
1460    1.4     88.26     4122.0    124.05      87.6        
1460    1.5     94.56     4122.0    124.82      82.3        
1460    1.6     100.86    4122.0    125.6       77.6        
1460    1.7     107.17    4122.0    126.38      73.5        
1460    1.8     113.47    4122.0    127.16      69.9        
1460    1.9     119.77    4122.0    127.93      66.6        
1460    2.0     126.08    4122.0    128.71      63.7        
1460    2.1     132.38    4122.0    129.49      61.0        
1460    2.2     138.69    4122.0    130.27      58.6        
1460    2.3     144.99    4122.0    131.04      56.4        
1460    2.4     151.29    4122.0    131.82      54.3        
1460    2.5     157.6     4122.0    132.6       52.5        
1460    2.6     163.9     4122.0    133.38      50.7        
1460    2.7     170.21    4122.0    134.15      49.1        
1460    2.8     176.51    4122.0    134.93      47.7        
1460    2.9     182.81    4122.0    135.71      46.3        
1470    0.5     31.63     4136.0    117.03      230.8       
1470    0.6     37.95     4136.0    117.81      193.6       
1470    0.7     44.28     4136.0    118.59      167.0       
1470    0.8     50.6      4136.0    119.37      147.1       
1470    0.9     56.93     4136.0    120.16      131.6       
1470    1.0     63.25     4136.0    120.94      119.2       
1470    1.1     69.58     4136.0    121.72      109.1       
1470    1.2     75.91     4136.0    122.5       100.7       
1470    1.3     82.23     4136.0    123.29      93.5        
1470    1.4     88.56     4136.0    124.07      87.4        
1470    1.5     94.88     4136.0    124.85      82.1        
1470    1.6     101.21    4136.0    125.63      77.4        
1470    1.7     107.53    4136.0    126.42      73.3        
1470    1.8     113.86    4136.0    127.2       69.7        
1470    1.9     120.18    4136.0    127.98      66.4        
1470    2.0     126.51    4136.0    128.76      63.5        
1470    2.1     132.84    4136.0    129.55      60.8        
1470    2.2     139.16    4136.0    130.33      58.4        
1470    2.3     145.49    4136.0    131.11      56.2        
1470    2.4     151.81    4136.0    131.89      54.2        
1470    2.5     158.14    4136.0    132.68      52.3        
1470    2.6     164.46    4136.0    133.46      50.6        
1470    2.7     170.79    4136.0    134.24      49.0        
1470    2.8     177.11    4136.0    135.02      47.5        
1470    2.9     183.44    4136.0    135.81      46.2        
1480    0.5     31.73     4150.0    117.0       230.0       
1480    0.6     38.08     4150.0    117.79      192.9       
1480    0.7     44.43     4150.0    118.58      166.5       
1480    0.8     50.78     4150.0    119.37      146.6       
1480    0.9     57.12     4150.0    120.15      131.2       
1480    1.0     63.47     4150.0    120.94      118.9       
1480    1.1     69.82     4150.0    121.73      108.8       
1480    1.2     76.16     4150.0    122.52      100.3       
1480    1.3     82.51     4150.0    123.3       93.2        
1480    1.4     88.86     4150.0    124.09      87.1        
1480    1.5     95.2      4150.0    124.88      81.8        
1480    1.6     101.55    4150.0    125.67      77.2        
1480    1.7     107.9     4150.0    126.45      73.1        
1480    1.8     114.25    4150.0    127.24      69.5        
1480    1.9     120.59    4150.0    128.03      66.2        
1480    2.0     126.94    4150.0    128.82      63.3        
1480    2.1     133.29    4150.0    129.6       60.7        
1480    2.2     139.63    4150.0    130.39      58.3        
1480    2.3     145.98    4150.0    131.18      56.1        
1480    2.4     152.33    4150.0    131.97      54.0        
1480    2.5     158.67    4150.0    132.75      52.2        
1480    2.6     165.02    4150.0    133.54      50.5        
1480    2.7     171.37    4150.0    134.33      48.9        
1480    2.8     177.72    4150.0    135.12      47.4        
1480    2.9     184.06    4150.0    135.9       46.1        
1490    0.5     31.84     4164.0    116.98      229.2       
1490    0.6     38.21     4164.0    117.78      192.3       
1490    0.7     44.58     4164.0    118.57      165.9       
1490    0.8     50.95     4164.0    119.36      146.2       
1490    0.9     57.32     4164.0    120.15      130.8       
1490    1.0     63.68     4164.0    120.94      118.5       
1490    1.1     70.05     4164.0    121.74      108.4       
1490    1.2     76.42     4164.0    122.53      100.0       
1490    1.3     82.79     4164.0    123.32      92.9        
1490    1.4     89.16     4164.0    124.11      86.9        
1490    1.5     95.53     4164.0    124.91      81.6        
1490    1.6     101.89    4164.0    125.7       77.0        
1490    1.7     108.26    4164.0    126.49      72.9        
1490    1.8     114.63    4164.0    127.28      69.3        
1490    1.9     121.0     4164.0    128.08      66.0        
1490    2.0     127.37    4164.0    128.87      63.1        
1490    2.1     133.74    4164.0    129.66      60.5        
1490    2.2     140.1     4164.0    130.45      58.1        
1490    2.3     146.47    4164.0    131.25      55.9        
1490    2.4     152.84    4164.0    132.04      53.9        
1490    2.5     159.21    4164.0    132.83      52.1        
1490    2.6     165.58    4164.0    133.62      50.4        
1490    2.7     171.95    4164.0    134.42      48.8        
1490    2.8     178.31    4164.0    135.21      47.3        
1490    2.9     184.68    4164.0    136.0       45.9        
1500    0.5     31.95     4178.0    116.96      228.5       
1500    0.6     38.34     4178.0    117.76      191.7       
1500    0.7     44.73     4178.0    118.56      165.4       
1500    0.8     51.12     4178.0    119.35      145.7       
1500    0.9     57.51     4178.0    120.15      130.4       
1500    1.0     63.9      4178.0    120.95      118.1       
1500    1.1     70.29     4178.0    121.75      108.1       
1500    1.2     76.68     4178.0    122.54      99.7        
1500    1.3     83.07     4178.0    123.34      92.7        
1500    1.4     89.46     4178.0    124.14      86.6        
1500    1.5     95.85     4178.0    124.94      81.3        
1500    1.6     102.24    4178.0    125.73      76.7        
1500    1.7     108.63    4178.0    126.53      72.7        
1500    1.8     115.01    4178.0    127.33      69.1        
1500    1.9     121.4     4178.0    128.13      65.9        
1500    2.0     127.79    4178.0    128.92      63.0        
1500    2.1     134.18    4178.0    129.72      60.3        
1500    2.2     140.57    4178.0    130.52      57.9        
1500    2.3     146.96    4178.0    131.32      55.8        
1500    2.4     153.35    4178.0    132.11      53.8        
1500    2.5     159.74    4178.0    132.91      51.9        
1500    2.6     166.13    4178.0    133.71      50.2        
1500    2.7     172.52    4178.0    134.51      48.7        
1500    2.8     178.91    4178.0    135.3       47.2        
1500    2.9     185.3     4178.0    136.1       45.8        
1510    0.5     32.05     4192.0    116.94      227.7       
1510    0.6     38.47     4192.0    117.74      191.1       
1510    0.7     44.88     4192.0    118.55      164.9       
1510    0.8     51.29     4192.0    119.35      145.2       
1510    0.9     57.7      4192.0    120.15      130.0       
1510    1.0     64.11     4192.0    120.95      117.8       
1510    1.1     70.52     4192.0    121.76      107.8       
1510    1.2     76.93     4192.0    122.56      99.4        
1510    1.3     83.34     4192.0    123.36      92.4        
1510    1.4     89.75     4192.0    124.16      86.3        
1510    1.5     96.16     4192.0    124.97      81.1        
1510    1.6     102.58    4192.0    125.77      76.5        
1510    1.7     108.99    4192.0    126.57      72.5        
1510    1.8     115.4     4192.0    127.37      68.9        
1510    1.9     121.81    4192.0    128.17      65.7        
1510    2.0     128.22    4192.0    128.98      62.8        
1510    2.1     134.63    4192.0    129.78      60.2        
1510    2.2     141.04    4192.0    130.58      57.8        
1510    2.3     147.45    4192.0    131.38      55.6        
1510    2.4     153.86    4192.0    132.19      53.6        
1510    2.5     160.27    4192.0    132.99      51.8        
1510    2.6     166.69    4192.0    133.79      50.1        
1510    2.7     173.1     4192.0    134.59      48.5        
1510    2.8     179.51    4192.0    135.4       47.1        
1510    2.9     185.92    4192.0    136.2       45.7        
1520    0.5     32.16     4206.0    116.92      227.0       
1520    0.6     38.59     4206.0    117.73      190.4       
1520    0.7     45.03     4206.0    118.54      164.4       
1520    0.8     51.46     4206.0    119.34      144.8       
1520    0.9     57.89     4206.0    120.15      129.6       
1520    1.0     64.32     4206.0    120.96      117.4       
1520    1.1     70.75     4206.0    121.76      107.4       
1520    1.2     77.19     4206.0    122.57      99.1        
1520    1.3     83.62     4206.0    123.38      92.1        
1520    1.4     90.05     4206.0    124.19      86.1        
1520    1.5     96.48     4206.0    124.99      80.9        
1520    1.6     102.91    4206.0    125.8       76.3        
1520    1.7     109.35    4206.0    126.61      72.3        
1520    1.8     115.78    4206.0    127.42      68.7        
1520    1.9     122.21    4206.0    128.22      65.5        
1520    2.0     128.64    4206.0    129.03      62.6        
1520    2.1     135.08    4206.0    129.84      60.0        
1520    2.2     141.51    4206.0    130.65      57.6        
1520    2.3     147.94    4206.0    131.45      55.5        
1520    2.4     154.37    4206.0    132.26      53.5        
1520    2.5     160.8     4206.0    133.07      51.7        
1520    2.6     167.24    4206.0    133.88      50.0        
1520    2.7     173.67    4206.0    134.68      48.4        
1520    2.8     180.1     4206.0    135.49      47.0        
1520    2.9     186.53    4206.0    136.3       45.6        
1530    0.5     32.27     4220.0    116.9       226.2       
1530    0.6     38.72     4220.0    117.71      189.8       
1530    0.7     45.17     4220.0    118.53      163.8       
1530    0.8     51.63     4220.0    119.34      144.3       
1530    0.9     58.08     4220.0    120.15      129.2       
1530    1.0     64.53     4220.0    120.96      117.0       
1530    1.1     70.99     4220.0    121.78      107.1       
1530    1.2     77.44     4220.0    122.59      98.8        
1530    1.3     83.89     4220.0    123.4       91.8        
1530    1.4     90.35     4220.0    124.21      85.8        
1530    1.5     96.8      4220.0    125.02      80.6        
1530    1.6     103.25    4220.0    125.84      76.1        
1530    1.7     109.71    4220.0    126.65      72.1        
1530    1.8     116.16    4220.0    127.46      68.5        
1530    1.9     122.61    4220.0    128.27      65.3        
1530    2.0     129.07    4220.0    129.09      62.5        
1530    2.1     135.52    4220.0    129.9       59.9        
1530    2.2     141.97    4220.0    130.71      57.5        
1530    2.3     148.43    4220.0    131.52      55.3        
1530    2.4     154.88    4220.0    132.34      53.4        
1530    2.5     161.33    4220.0    133.15      51.5        
1530    2.6     167.79    4220.0    133.96      49.9        
1530    2.7     174.24    4220.0    134.77      48.3        
1530    2.8     180.69    4220.0    135.59      46.9        
1530    2.9     187.15    4220.0    136.4       45.5        
1540    0.5     32.37     4234.0    116.88      225.5       
1540    0.6     38.85     4234.0    117.7       189.2       
1540    0.7     45.32     4234.0    118.52      163.3       
1540    0.8     51.79     4234.0    119.33      143.9       
1540    0.9     58.27     4234.0    120.15      128.8       
1540    1.0     64.74     4234.0    120.97      116.7       
1540    1.1     71.22     4234.0    121.79      106.8       
1540    1.2     77.69     4234.0    122.6       98.6        
1540    1.3     84.17     4234.0    123.42      91.6        
1540    1.4     90.64     4234.0    124.24      85.6        
1540    1.5     97.12     4234.0    125.06      80.4        
1540    1.6     103.59    4234.0    125.87      75.9        
1540    1.7     110.06    4234.0    126.69      71.9        
1540    1.8     116.54    4234.0    127.51      68.3        
1540    1.9     123.01    4234.0    128.33      65.2        
1540    2.0     129.49    4234.0    129.14      62.3        
1540    2.1     135.96    4234.0    129.96      59.7        
1540    2.2     142.44    4234.0    130.78      57.3        
1540    2.3     148.91    4234.0    131.59      55.2        
1540    2.4     155.38    4234.0    132.41      53.2        
1540    2.5     161.86    4234.0    133.23      51.4        
1540    2.6     168.33    4234.0    134.05      49.7        
1540    2.7     174.81    4234.0    134.86      48.2        
1540    2.8     181.28    4234.0    135.68      46.7        
1540    2.9     187.76    4234.0    136.5       45.4        
1550    0.5     32.48     4247.0    116.86      224.8       
1550    0.6     38.97     4247.0    117.68      188.6       
1550    0.7     45.47     4247.0    118.51      162.8       
1550    0.8     51.96     4247.0    119.33      143.4       
1550    0.9     58.46     4247.0    120.15      128.4       
1550    1.0     64.95     4247.0    120.97      116.3       
1550    1.1     71.45     4247.0    121.8       106.5       
1550    1.2     77.94     4247.0    122.62      98.3        
1550    1.3     84.44     4247.0    123.44      91.3        
1550    1.4     90.93     4247.0    124.26      85.4        
1550    1.5     97.43     4247.0    125.09      80.2        
1550    1.6     103.93    4247.0    125.91      75.7        
1550    1.7     110.42    4247.0    126.73      71.7        
1550    1.8     116.92    4247.0    127.55      68.1        
1550    1.9     123.41    4247.0    128.38      65.0        
1550    2.0     129.91    4247.0    129.2       62.1        
1550    2.1     136.4     4247.0    130.02      59.5        
1550    2.2     142.9     4247.0    130.84      57.2        
1550    2.3     149.39    4247.0    131.67      55.1        
1550    2.4     155.89    4247.0    132.49      53.1        
1550    2.5     162.38    4247.0    133.31      51.3        
1550    2.6     168.88    4247.0    134.13      49.6        
1550    2.7     175.37    4247.0    134.96      48.1        
1550    2.8     181.87    4247.0    135.78      46.6        
1550    2.9     188.36    4247.0    136.6       45.3        
1560    0.5     32.58     4261.0    116.84      224.1       
1560    0.6     39.1      4261.0    117.67      188.0       
1560    0.7     45.61     4261.0    118.5       162.3       
1560    0.8     52.13     4261.0    119.33      143.0       
1560    0.9     58.65     4261.0    120.15      128.0       
1560    1.0     65.16     4261.0    120.98      116.0       
1560    1.1     71.68     4261.0    121.81      106.2       
1560    1.2     78.2      4261.0    122.64      98.0        
1560    1.3     84.71     4261.0    123.46      91.1        
1560    1.4     91.23     4261.0    124.29      85.1        
1560    1.5     97.74     4261.0    125.12      80.0        
1560    1.6     104.26    4261.0    125.95      75.5        
1560    1.7     110.78    4261.0    126.77      71.5        
1560    1.8     117.29    4261.0    127.6       68.0        
1560    1.9     123.81    4261.0    128.43      64.8        
1560    2.0     130.33    4261.0    129.25      62.0        
1560    2.1     136.84    4261.0    130.08      59.4        
1560    2.2     143.36    4261.0    130.91      57.1        
1560    2.3     149.87    4261.0    131.74      54.9        
1560    2.4     156.39    4261.0    132.56      53.0        
1560    2.5     162.91    4261.0    133.39      51.2        
1560    2.6     169.42    4261.0    134.22      49.5        
1560    2.7     175.94    4261.0    135.05      48.0        
1560    2.8     182.46    4261.0    135.87      46.5        
1560    2.9     188.97    4261.0    136.7       45.2        
1570    0.5     32.69     4275.0    116.83      223.4       
1570    0.6     39.22     4275.0    117.66      187.5       
1570    0.7     45.76     4275.0    118.49      161.8       
1570    0.8     52.3      4275.0    119.32      142.6       
1570    0.9     58.83     4275.0    120.16      127.6       
1570    1.0     65.37     4275.0    120.99      115.7       
1570    1.1     71.91     4275.0    121.82      105.9       
1570    1.2     78.45     4275.0    122.65      97.7        
1570    1.3     84.98     4275.0    123.48      90.8        
1570    1.4     91.52     4275.0    124.32      84.9        
1570    1.5     98.06     4275.0    125.15      79.8        
1570    1.6     104.59    4275.0    125.98      75.3        
1570    1.7     111.13    4275.0    126.81      71.3        
1570    1.8     117.67    4275.0    127.65      67.8        
1570    1.9     124.2     4275.0    128.48      64.6        
1570    2.0     130.74    4275.0    129.31      61.8        
1570    2.1     137.28    4275.0    130.14      59.2        
1570    2.2     143.82    4275.0    130.98      56.9        
1570    2.3     150.35    4275.0    131.81      54.8        
1570    2.4     156.89    4275.0    132.64      52.8        
1570    2.5     163.43    4275.0    133.47      51.0        
1570    2.6     169.96    4275.0    134.31      49.4        
1570    2.7     176.5     4275.0    135.14      47.8        
1570    2.8     183.04    4275.0    135.97      46.4        
1570    2.9     189.58    4275.0    136.8       45.1        
1580    0.5     32.79     4288.0    116.81      222.7       
1580    0.6     39.35     4288.0    117.65      186.9       
1580    0.7     45.91     4288.0    118.48      161.3       
1580    0.8     52.46     4288.0    119.32      142.2       
1580    0.9     59.02     4288.0    120.16      127.2       
1580    1.0     65.58     4288.0    120.99      115.3       
1580    1.1     72.14     4288.0    121.83      105.6       
1580    1.2     78.69     4288.0    122.67      97.4        
1580    1.3     85.25     4288.0    123.51      90.5        
1580    1.4     91.81     4288.0    124.34      84.6        
1580    1.5     98.37     4288.0    125.18      79.5        
1580    1.6     104.93    4288.0    126.02      75.1        
1580    1.7     111.48    4288.0    126.86      71.1        
1580    1.8     118.04    4288.0    127.69      67.6        
1580    1.9     124.6     4288.0    128.53      64.5        
1580    2.0     131.16    4288.0    129.37      61.6        
1580    2.1     137.72    4288.0    130.21      59.1        
1580    2.2     144.27    4288.0    131.04      56.8        
1580    2.3     150.83    4288.0    131.88      54.6        
1580    2.4     157.39    4288.0    132.72      52.7        
1580    2.5     163.95    4288.0    133.56      50.9        
1580    2.6     170.51    4288.0    134.39      49.3        
1580    2.7     177.06    4288.0    135.23      47.7        
1580    2.8     183.62    4288.0    136.07      46.3        
1580    2.9     190.18    4288.0    136.9       45.0        
1590    0.5     32.89     4302.0    116.79      222.0       
1590    0.6     39.47     4302.0    117.63      186.3       
1590    0.7     46.05     4302.0    118.48      160.8       
1590    0.8     52.63     4302.0    119.32      141.7       
1590    0.9     59.21     4302.0    120.16      126.9       
1590    1.0     65.79     4302.0    121.0       115.0       
1590    1.1     72.36     4302.0    121.84      105.3       
1590    1.2     78.94     4302.0    122.69      97.2        
1590    1.3     85.52     4302.0    123.53      90.3        
1590    1.4     92.1      4302.0    124.37      84.4        
1590    1.5     98.68     4302.0    125.21      79.3        
1590    1.6     105.26    4302.0    126.06      74.9        
1590    1.7     111.84    4302.0    126.9       70.9        
1590    1.8     118.41    4302.0    127.74      67.4        
1590    1.9     124.99    4302.0    128.58      64.3        
1590    2.0     131.57    4302.0    129.43      61.5        
1590    2.1     138.15    4302.0    130.27      58.9        
1590    2.2     144.73    4302.0    131.11      56.6        
1590    2.3     151.31    4302.0    131.95      54.5        
1590    2.4     157.89    4302.0    132.8       52.6        
1590    2.5     164.47    4302.0    133.64      50.8        
1590    2.6     171.04    4302.0    134.48      49.1        
1590    2.7     177.62    4302.0    135.32      47.6        
1590    2.8     184.2     4302.0    136.16      46.2        
1590    2.9     190.78    4302.0    137.01      44.9        
1600    0.5     33.0      4315.0    116.77      221.3       
1600    0.6     39.6      4315.0    117.62      185.7       
1600    0.7     46.19     4315.0    118.47      160.3       
1600    0.8     52.79     4315.0    119.32      141.3       
1600    0.9     59.39     4315.0    120.16      126.5       
1600    1.0     65.99     4315.0    121.01      114.7       
1600    1.1     72.59     4315.0    121.86      105.0       
1600    1.2     79.19     4315.0    122.71      96.9        
1600    1.3     85.79     4315.0    123.55      90.0        
1600    1.4     92.39     4315.0    124.4       84.2        
1600    1.5     98.99     4315.0    125.25      79.1        
1600    1.6     105.59    4315.0    126.09      74.7        
1600    1.7     112.19    4315.0    126.94      70.7        
1600    1.8     118.79    4315.0    127.79      67.3        
1600    1.9     125.39    4315.0    128.64      64.1        
1600    2.0     131.99    4315.0    129.48      61.3        
1600    2.1     138.58    4315.0    130.33      58.8        
1600    2.2     145.18    4315.0    131.18      56.5        
1600    2.3     151.78    4315.0    132.03      54.4        
1600    2.4     158.38    4315.0    132.87      52.5        
1600    2.5     164.98    4315.0    133.72      50.7        
1600    2.6     171.58    4315.0    134.57      49.0        
1600    2.7     178.18    4315.0    135.42      47.5        
1600    2.8     184.78    4315.0    136.26      46.1        
1600    2.9     191.38    4315.0    137.11      44.8        
1610    0.5     33.1      4329.0    116.76      220.6       
1610    0.6     39.72     4329.0    117.61      185.2       
1610    0.7     46.34     4329.0    118.46      159.9       
1610    0.8     52.96     4329.0    119.31      140.9       
1610    0.9     59.58     4329.0    120.17      126.1       
1610    1.0     66.2      4329.0    121.02      114.3       
1610    1.1     72.82     4329.0    121.87      104.7       
1610    1.2     79.44     4329.0    122.72      96.6        
1610    1.3     86.06     4329.0    123.58      89.8        
1610    1.4     92.68     4329.0    124.43      84.0        
1610    1.5     99.3      4329.0    125.28      78.9        
1610    1.6     105.92    4329.0    126.13      74.5        
1610    1.7     112.54    4329.0    126.99      70.6        
1610    1.8     119.16    4329.0    127.84      67.1        
1610    1.9     125.78    4329.0    128.69      64.0        
1610    2.0     132.4     4329.0    129.54      61.2        
1610    2.1     139.02    4329.0    130.39      58.7        
1610    2.2     145.64    4329.0    131.25      56.4        
1610    2.3     152.26    4329.0    132.1       54.3        
1610    2.4     158.88    4329.0    132.95      52.3        
1610    2.5     165.5     4329.0    133.8       50.6        
1610    2.6     172.12    4329.0    134.66      48.9        
1610    2.7     178.74    4329.0    135.51      47.4        
1610    2.8     185.36    4329.0    136.36      46.0        
1610    2.9     191.98    4329.0    137.21      44.7        
1620    0.5     33.2      4342.0    116.74      219.9       
1620    0.6     39.84     4342.0    117.6       184.6       
1620    0.7     46.48     4342.0    118.46      159.4       
1620    0.8     53.12     4342.0    119.31      140.5       
1620    0.9     59.76     4342.0    120.17      125.8       
1620    1.0     66.4      4342.0    121.03      114.0       
1620    1.1     73.04     4342.0    121.89      104.4       
1620    1.2     79.68     4342.0    122.74      96.3        
1620    1.3     86.32     4342.0    123.6       89.6        
1620    1.4     92.97     4342.0    124.46      83.7        
1620    1.5     99.61     4342.0    125.31      78.7        
1620    1.6     106.25    4342.0    126.17      74.3        
1620    1.7     112.89    4342.0    127.03      70.4        
1620    1.8     119.53    4342.0    127.89      66.9        
1620    1.9     126.17    4342.0    128.74      63.8        
1620    2.0     132.81    4342.0    129.6       61.0        
1620    2.1     139.45    4342.0    130.46      58.5        
1620    2.2     146.09    4342.0    131.32      56.2        
1620    2.3     152.73    4342.0    132.17      54.1        
1620    2.4     159.37    4342.0    133.03      52.2        
1620    2.5     166.01    4342.0    133.89      50.4        
1620    2.6     172.65    4342.0    134.74      48.8        
1620    2.7     179.29    4342.0    135.6       47.3        
1620    2.8     185.93    4342.0    136.46      45.9        
1620    2.9     192.57    4342.0    137.32      44.6        
1630    0.5     33.3      4355.0    116.73      219.3       
1630    0.6     39.97     4355.0    117.59      184.1       
1630    0.7     46.63     4355.0    118.45      158.9       
1630    0.8     53.29     4355.0    119.31      140.1       
1630    0.9     59.95     4355.0    120.17      125.4       
1630    1.0     66.61     4355.0    121.04      113.7       
1630    1.1     73.27     4355.0    121.9       104.1       
1630    1.2     79.93     4355.0    122.76      96.1        
1630    1.3     86.59     4355.0    123.62      89.3        
1630    1.4     93.25     4355.0    124.49      83.5        
1630    1.5     99.91     4355.0    125.35      78.5        
1630    1.6     106.57    4355.0    126.21      74.1        
1630    1.7     113.23    4355.0    127.07      70.2        
1630    1.8     119.9     4355.0    127.94      66.8        
1630    1.9     126.56    4355.0    128.8       63.7        
1630    2.0     133.22    4355.0    129.66      60.9        
1630    2.1     139.88    4355.0    130.52      58.4        
1630    2.2     146.54    4355.0    131.38      56.1        
1630    2.3     153.2     4355.0    132.25      54.0        
1630    2.4     159.86    4355.0    133.11      52.1        
1630    2.5     166.52    4355.0    133.97      50.3        
1630    2.6     173.18    4355.0    134.83      48.7        
1630    2.7     179.84    4355.0    135.7       47.2        
1630    2.8     186.5     4355.0    136.56      45.8        
1630    2.9     193.16    4355.0    137.42      44.5        
1640    0.5     33.41     4369.0    116.71      218.6       
1640    0.6     40.09     4369.0    117.58      183.5       
1640    0.7     46.77     4369.0    118.45      158.5       
1640    0.8     53.45     4369.0    119.31      139.7       
1640    0.9     60.13     4369.0    120.18      125.1       
1640    1.0     66.81     4369.0    121.05      113.4       
1640    1.1     73.49     4369.0    121.91      103.8       
1640    1.2     80.17     4369.0    122.78      95.8        
1640    1.3     86.86     4369.0    123.65      89.1        
1640    1.4     93.54     4369.0    124.52      83.3        
1640    1.5     100.22    4369.0    125.38      78.3        
1640    1.6     106.9     4369.0    126.25      73.9        
1640    1.7     113.58    4369.0    127.12      70.0        
1640    1.8     120.26    4369.0    127.99      66.6        
1640    1.9     126.94    4369.0    128.85      63.5        
1640    2.0     133.62    4369.0    129.72      60.7        
1640    2.1     140.31    4369.0    130.59      58.2        
1640    2.2     146.99    4369.0    131.45      56.0        
1640    2.3     153.67    4369.0    132.32      53.9        
1640    2.4     160.35    4369.0    133.19      52.0        
1640    2.5     167.03    4369.0    134.06      50.2        
1640    2.6     173.71    4369.0    134.92      48.6        
1640    2.7     180.39    4369.0    135.79      47.1        
1640    2.8     187.07    4369.0    136.66      45.7        
1640    2.9     193.76    4369.0    137.52      44.4        
1650    0.5     33.51     4382.0    116.7       217.9       
1650    0.6     40.21     4382.0    117.57      183.0       
1650    0.7     46.91     4382.0    118.44      158.0       
1650    0.8     53.61     4382.0    119.31      139.3       
1650    0.9     60.31     4382.0    120.18      124.7       
1650    1.0     67.02     4382.0    121.06      113.0       
1650    1.1     73.72     4382.0    121.93      103.5       
1650    1.2     80.42     4382.0    122.8       95.6        
1650    1.3     87.12     4382.0    123.67      88.8        
1650    1.4     93.82     4382.0    124.55      83.1        
1650    1.5     100.52    4382.0    125.42      78.1        
1650    1.6     107.23    4382.0    126.29      73.7        
1650    1.7     113.93    4382.0    127.16      69.8        
1650    1.8     120.63    4382.0    128.03      66.4        
1650    1.9     127.33    4382.0    128.91      63.4        
1650    2.0     134.03    4382.0    129.78      60.6        
1650    2.1     140.73    4382.0    130.65      58.1        
1650    2.2     147.43    4382.0    131.52      55.8        
1650    2.3     154.14    4382.0    132.4       53.8        
1650    2.4     160.84    4382.0    133.27      51.9        
1650    2.5     167.54    4382.0    134.14      50.1        
1650    2.6     174.24    4382.0    135.01      48.5        
1650    2.7     180.94    4382.0    135.89      47.0        
1650    2.8     187.64    4382.0    136.76      45.6        
1650    2.9     194.35    4382.0    137.63      44.3        
1660    0.5     33.61     4395.0    116.68      217.3       
1660    0.6     40.33     4395.0    117.56      182.4       
1660    0.7     47.05     4395.0    118.44      157.5       
1660    0.8     53.77     4395.0    119.31      138.9       
1660    0.9     60.5      4395.0    120.19      124.3       
1660    1.0     67.22     4395.0    121.07      112.7       
1660    1.1     73.94     4395.0    121.94      103.2       
1660    1.2     80.66     4395.0    122.82      95.3        
1660    1.3     87.38     4395.0    123.7       88.6        
1660    1.4     94.11     4395.0    124.58      82.9        
1660    1.5     100.83    4395.0    125.45      77.9        
1660    1.6     107.55    4395.0    126.33      73.5        
1660    1.7     114.27    4395.0    127.21      69.7        
1660    1.8     120.99    4395.0    128.09      66.3        
1660    1.9     127.72    4395.0    128.96      63.2        
1660    2.0     134.44    4395.0    129.84      60.4        
1660    2.1     141.16    4395.0    130.72      58.0        
1660    2.2     147.88    4395.0    131.59      55.7        
1660    2.3     154.6     4395.0    132.47      53.6        
1660    2.4     161.32    4395.0    133.35      51.7        
1660    2.5     168.05    4395.0    134.23      50.0        
1660    2.6     174.77    4395.0    135.1       48.4        
1660    2.7     181.49    4395.0    135.98      46.9        
1660    2.8     188.21    4395.0    136.86      45.5        
1660    2.9     194.93    4395.0    137.73      44.2        
1670    0.5     33.71     4409.0    116.67      216.7       
1670    0.6     40.45     4409.0    117.55      181.9       
1670    0.7     47.19     4409.0    118.43      157.1       
1670    0.8     53.94     4409.0    119.31      138.5       
1670    0.9     60.68     4409.0    120.2       124.0       
1670    1.0     67.42     4409.0    121.08      112.4       
1670    1.1     74.16     4409.0    121.96      102.9       
1670    1.2     80.9      4409.0    122.84      95.1        
1670    1.3     87.65     4409.0    123.72      88.4        
1670    1.4     94.39     4409.0    124.61      82.6        
1670    1.5     101.13    4409.0    125.49      77.7        
1670    1.6     107.87    4409.0    126.37      73.3        
1670    1.7     114.62    4409.0    127.25      69.5        
1670    1.8     121.36    4409.0    128.14      66.1        
1670    1.9     128.1     4409.0    129.02      63.0        
1670    2.0     134.84    4409.0    129.9       60.3        
1670    2.1     141.58    4409.0    130.78      57.8        
1670    2.2     148.33    4409.0    131.66      55.6        
1670    2.3     155.07    4409.0    132.55      53.5        
1670    2.4     161.81    4409.0    133.43      51.6        
1670    2.5     168.55    4409.0    134.31      49.9        
1670    2.6     175.29    4409.0    135.19      48.3        
1670    2.7     182.04    4409.0    136.08      46.8        
1670    2.8     188.78    4409.0    136.96      45.4        
1670    2.9     195.52    4409.0    137.84      44.1        
1680    0.5     33.81     4422.0    116.65      216.0       
1680    0.6     40.57     4422.0    117.54      181.4       
1680    0.7     47.34     4422.0    118.43      156.6       
1680    0.8     54.1      4422.0    119.31      138.1       
1680    0.9     60.86     4422.0    120.2       123.7       
1680    1.0     67.62     4422.0    121.09      112.1       
1680    1.1     74.38     4422.0    121.98      102.7       
1680    1.2     81.15     4422.0    122.86      94.8        
1680    1.3     87.91     4422.0    123.75      88.1        
1680    1.4     94.67     4422.0    124.64      82.4        
1680    1.5     101.43    4422.0    125.53      77.5        
1680    1.6     108.2     4422.0    126.41      73.2        
1680    1.7     114.96    4422.0    127.3       69.3        
1680    1.8     121.72    4422.0    128.19      65.9        
1680    1.9     128.48    4422.0    129.07      62.9        
1680    2.0     135.24    4422.0    129.96      60.2        
1680    2.1     142.01    4422.0    130.85      57.7        
1680    2.2     148.77    4422.0    131.74      55.4        
1680    2.3     155.53    4422.0    132.62      53.4        
1680    2.4     162.29    4422.0    133.51      51.5        
1680    2.5     169.06    4422.0    134.4       49.8        
1680    2.6     175.82    4422.0    135.28      48.2        
1680    2.7     182.58    4422.0    136.17      46.7        
1680    2.8     189.34    4422.0    137.06      45.3        
1680    2.9     196.1     4422.0    137.95      44.0        
1690    0.5     33.91     4435.0    116.64      215.4       
1690    0.6     40.69     4435.0    117.53      180.9       
1690    0.7     47.48     4435.0    118.42      156.2       
1690    0.8     54.26     4435.0    119.32      137.7       
1690    0.9     61.04     4435.0    120.21      123.3       
1690    1.0     67.82     4435.0    121.1       111.8       
1690    1.1     74.61     4435.0    121.99      102.4       
1690    1.2     81.39     4435.0    122.88      94.6        
1690    1.3     88.17     4435.0    123.78      87.9        
1690    1.4     94.95     4435.0    124.67      82.2        
1690    1.5     101.73    4435.0    125.56      77.3        
1690    1.6     108.52    4435.0    126.45      73.0        
1690    1.7     115.3     4435.0    127.35      69.2        
1690    1.8     122.08    4435.0    128.24      65.8        
1690    1.9     128.86    4435.0    129.13      62.8        
1690    2.0     135.65    4435.0    130.02      60.0        
1690    2.1     142.43    4435.0    130.91      57.6        
1690    2.2     149.21    4435.0    131.81      55.3        
1690    2.3     155.99    4435.0    132.7       53.3        
1690    2.4     162.78    4435.0    133.59      51.4        
1690    2.5     169.56    4435.0    134.48      49.7        
1690    2.6     176.34    4435.0    135.38      48.1        
1690    2.7     183.12    4435.0    136.27      46.6        
1690    2.8     189.91    4435.0    137.16      45.2        
1690    2.9     196.69    4435.0    138.05      44.0        
1700    0.5     34.01     4448.0    116.63      214.8       
1700    0.6     40.81     4448.0    117.52      180.3       
1700    0.7     47.62     4448.0    118.42      155.8       
1700    0.8     54.42     4448.0    119.32      137.3       
1700    0.9     61.22     4448.0    120.22      123.0       
1700    1.0     68.02     4448.0    121.11      111.5       
1700    1.1     74.83     4448.0    122.01      102.1       
1700    1.2     81.63     4448.0    122.91      94.3        
1700    1.3     88.43     4448.0    123.8       87.7        
1700    1.4     95.23     4448.0    124.7       82.0        
1700    1.5     102.04    4448.0    125.6       77.1        
1700    1.6     108.84    4448.0    126.5       72.8        
1700    1.7     115.64    4448.0    127.39      69.0        
1700    1.8     122.44    4448.0    128.29      65.6        
1700    1.9     129.24    4448.0    129.19      62.6        
1700    2.0     136.05    4448.0    130.08      59.9        
1700    2.1     142.85    4448.0    130.98      57.4        
1700    2.2     149.65    4448.0    131.88      55.2        
1700    2.3     156.45    4448.0    132.78      53.2        
1700    2.4     163.26    4448.0    133.67      51.3        
1700    2.5     170.06    4448.0    134.57      49.6        
1700    2.6     176.86    4448.0    135.47      48.0        
1700    2.7     183.66    4448.0    136.36      46.5        
1700    2.8     190.47    4448.0    137.26      45.1        
1700    2.9     197.27    4448.0    138.16      43.9        
1710    0.5     34.11     4461.0    116.61      214.1       
1710    0.6     40.93     4461.0    117.52      179.8       
1710    0.7     47.76     4461.0    118.42      155.3       
1710    0.8     54.58     4461.0    119.32      136.9       
1710    0.9     61.4      4461.0    120.22      122.7       
1710    1.0     68.22     4461.0    121.12      111.2       
1710    1.1     75.05     4461.0    122.03      101.9       
1710    1.2     81.87     4461.0    122.93      94.1        
1710    1.3     88.69     4461.0    123.83      87.5        
1710    1.4     95.51     4461.0    124.73      81.8        
1710    1.5     102.34    4461.0    125.63      76.9        
1710    1.6     109.16    4461.0    126.54      72.6        
1710    1.7     115.98    4461.0    127.44      68.8        
1710    1.8     122.8     4461.0    128.34      65.5        
1710    1.9     129.62    4461.0    129.24      62.5        
1710    2.0     136.45    4461.0    130.15      59.7        
1710    2.1     143.27    4461.0    131.05      57.3        
1710    2.2     150.09    4461.0    131.95      55.1        
1710    2.3     156.91    4461.0    132.85      53.0        
1710    2.4     163.74    4461.0    133.75      51.2        
1710    2.5     170.56    4461.0    134.66      49.5        
1710    2.6     177.38    4461.0    135.56      47.9        
1710    2.7     184.2     4461.0    136.46      46.4        
1710    2.8     191.03    4461.0    137.36      45.0        
1710    2.9     197.85    4461.0    138.26      43.8        
1720    0.5     34.21     4474.0    116.6       213.5       
1720    0.6     41.05     4474.0    117.51      179.3       
1720    0.7     47.9      4474.0    118.42      154.9       
1720    0.8     54.74     4474.0    119.32      136.6       
1720    0.9     61.58     4474.0    120.23      122.3       
1720    1.0     68.42     4474.0    121.14      110.9       
1720    1.1     75.26     4474.0    122.04      101.6       
1720    1.2     82.11     4474.0    122.95      93.8        
1720    1.3     88.95     4474.0    123.86      87.2        
1720    1.4     95.79     4474.0    124.77      81.6        
1720    1.5     102.63    4474.0    125.67      76.7        
1720    1.6     109.48    4474.0    126.58      72.4        
1720    1.7     116.32    4474.0    127.49      68.7        
1720    1.8     123.16    4474.0    128.39      65.3        
1720    1.9     130.0     4474.0    129.3       62.3        
1720    2.0     136.85    4474.0    130.21      59.6        
1720    2.1     143.69    4474.0    131.11      57.2        
1720    2.2     150.53    4474.0    132.02      54.9        
1720    2.3     157.37    4474.0    132.93      52.9        
1720    2.4     164.21    4474.0    133.84      51.1        
1720    2.5     171.06    4474.0    134.74      49.4        
1720    2.6     177.9     4474.0    135.65      47.8        
1720    2.7     184.74    4474.0    136.56      46.3        
1720    2.8     191.58    4474.0    137.46      45.0        
1720    2.9     198.43    4474.0    138.37      43.7        
1730    0.5     34.31     4487.0    116.59      212.9       
1730    0.6     41.17     4487.0    117.5       178.8       
1730    0.7     48.03     4487.0    118.41      154.5       
1730    0.8     54.9      4487.0    119.33      136.2       
1730    0.9     61.76     4487.0    120.24      122.0       
1730    1.0     68.62     4487.0    121.15      110.6       
1730    1.1     75.48     4487.0    122.06      101.3       
1730    1.2     82.35     4487.0    122.97      93.6        
1730    1.3     89.21     4487.0    123.89      87.0        
1730    1.4     96.07     4487.0    124.8       81.4        
1730    1.5     102.93    4487.0    125.71      76.5        
1730    1.6     109.79    4487.0    126.62      72.3        
1730    1.7     116.66    4487.0    127.53      68.5        
1730    1.8     123.52    4487.0    128.45      65.2        
1730    1.9     130.38    4487.0    129.36      62.2        
1730    2.0     137.24    4487.0    130.27      59.5        
1730    2.1     144.1     4487.0    131.18      57.0        
1730    2.2     150.97    4487.0    132.09      54.8        
1730    2.3     157.83    4487.0    133.01      52.8        
1730    2.4     164.69    4487.0    133.92      51.0        
1730    2.5     171.55    4487.0    134.83      49.2        
1730    2.6     178.42    4487.0    135.74      47.7        
1730    2.7     185.28    4487.0    136.65      46.2        
1730    2.8     192.14    4487.0    137.57      44.9        
1730    2.9     199.0     4487.0    138.48      43.6        
1740    0.5     34.41     4500.0    116.58      212.3       
1740    0.6     41.29     4500.0    117.49      178.3       
1740    0.7     48.17     4500.0    118.41      154.1       
1740    0.8     55.06     4500.0    119.33      135.8       
1740    0.9     61.94     4500.0    120.25      121.7       
1740    1.0     68.82     4500.0    121.16      110.3       
1740    1.1     75.7      4500.0    122.08      101.1       
1740    1.2     82.58     4500.0    123.0       93.3        
1740    1.3     89.47     4500.0    123.91      86.8        
1740    1.4     96.35     4500.0    124.83      81.2        
1740    1.5     103.23    4500.0    125.75      76.3        
1740    1.6     110.11    4500.0    126.66      72.1        
1740    1.7     116.99    4500.0    127.58      68.3        
1740    1.8     123.87    4500.0    128.5       65.0        
1740    1.9     130.76    4500.0    129.42      62.0        
1740    2.0     137.64    4500.0    130.33      59.3        
1740    2.1     144.52    4500.0    131.25      56.9        
1740    2.2     151.4     4500.0    132.17      54.7        
1740    2.3     158.28    4500.0    133.08      52.7        
1740    2.4     165.17    4500.0    134.0       50.8        
1740    2.5     172.05    4500.0    134.92      49.1        
1740    2.6     178.93    4500.0    135.84      47.6        
1740    2.7     185.81    4500.0    136.75      46.1        
1740    2.8     192.69    4500.0    137.67      44.8        
1740    2.9     199.58    4500.0    138.59      43.5        
1750    0.5     34.51     4513.0    116.57      211.7       
1750    0.6     41.41     4513.0    117.49      177.8       
1750    0.7     48.31     4513.0    118.41      153.6       
1750    0.8     55.21     4513.0    119.33      135.5       
1750    0.9     62.12     4513.0    120.25      121.4       
1750    1.0     69.02     4513.0    121.18      110.1       
1750    1.1     75.92     4513.0    122.1       100.8       
1750    1.2     82.82     4513.0    123.02      93.1        
1750    1.3     89.72     4513.0    123.94      86.6        
1750    1.4     96.62     4513.0    124.86      81.0        
1750    1.5     103.53    4513.0    125.79      76.2        
1750    1.6     110.43    4513.0    126.71      71.9        
1750    1.7     117.33    4513.0    127.63      68.2        
1750    1.8     124.23    4513.0    128.55      64.9        
1750    1.9     131.13    4513.0    129.47      61.9        
1750    2.0     138.03    4513.0    130.4       59.2        
1750    2.1     144.94    4513.0    131.32      56.8        
1750    2.2     151.84    4513.0    132.24      54.6        
1750    2.3     158.74    4513.0    133.16      52.6        
1750    2.4     165.64    4513.0    134.08      50.7        
1750    2.5     172.54    4513.0    135.01      49.0        
1750    2.6     179.44    4513.0    135.93      47.5        
1750    2.7     186.35    4513.0    136.85      46.0        
1750    2.8     193.25    4513.0    137.77      44.7        
1750    2.9     200.15    4513.0    138.69      43.4        
1760    0.5     34.61     4526.0    116.56      211.1       
1760    0.6     41.53     4526.0    117.48      177.4       
1760    0.7     48.45     4526.0    118.41      153.2       
1760    0.8     55.37     4526.0    119.34      135.1       
1760    0.9     62.29     4526.0    120.26      121.0       
1760    1.0     69.21     4526.0    121.19      109.8       
1760    1.1     76.14     4526.0    122.12      100.6       
1760    1.2     83.06     4526.0    123.04      92.9        
1760    1.3     89.98     4526.0    123.97      86.4        
1760    1.4     96.9      4526.0    124.9       80.8        
1760    1.5     103.82    4526.0    125.82      76.0        
1760    1.6     110.74    4526.0    126.75      71.8        
1760    1.7     117.66    4526.0    127.68      68.0        
1760    1.8     124.58    4526.0    128.61      64.7        
1760    1.9     131.51    4526.0    129.53      61.8        
1760    2.0     138.43    4526.0    130.46      59.1        
1760    2.1     145.35    4526.0    131.39      56.7        
1760    2.2     152.27    4526.0    132.31      54.5        
1760    2.3     159.19    4526.0    133.24      52.5        
1760    2.4     166.11    4526.0    134.17      50.6        
1760    2.5     173.03    4526.0    135.09      48.9        
1760    2.6     179.96    4526.0    136.02      47.4        
1760    2.7     186.88    4526.0    136.95      45.9        
1760    2.8     193.8     4526.0    137.88      44.6        
1760    2.9     200.72    4526.0    138.8       43.4        
1770    0.5     34.71     4539.0    116.54      210.6       
1770    0.6     41.65     4539.0    117.48      176.9       
1770    0.7     48.59     4539.0    118.41      152.8       
1770    0.8     55.53     4539.0    119.34      134.8       
1770    0.9     62.47     4539.0    120.27      120.7       
1770    1.0     69.41     4539.0    121.2       109.5       
1770    1.1     76.35     4539.0    122.14      100.3       
1770    1.2     83.29     4539.0    123.07      92.6        
1770    1.3     90.23     4539.0    124.0       86.2        
1770    1.4     97.17     4539.0    124.93      80.6        
1770    1.5     104.12    4539.0    125.86      75.8        
1770    1.6     111.06    4539.0    126.8       71.6        
1770    1.7     118.0     4539.0    127.73      67.9        
1770    1.8     124.94    4539.0    128.66      64.6        
1770    1.9     131.88    4539.0    129.59      61.6        
1770    2.0     138.82    4539.0    130.52      59.0        
1770    2.1     145.76    4539.0    131.46      56.5        
1770    2.2     152.7     4539.0    132.39      54.4        
1770    2.3     159.64    4539.0    133.32      52.4        
1770    2.4     166.58    4539.0    134.25      50.5        
1770    2.5     173.53    4539.0    135.18      48.8        
1770    2.6     180.47    4539.0    136.11      47.3        
1770    2.7     187.41    4539.0    137.05      45.9        
1770    2.8     194.35    4539.0    137.98      44.5        
1770    2.9     201.29    4539.0    138.91      43.3        
1780    0.5     34.8      4551.0    116.53      210.0       
1780    0.6     41.76     4551.0    117.47      176.4       
1780    0.7     48.72     4551.0    118.41      152.4       
1780    0.8     55.68     4551.0    119.34      134.4       
1780    0.9     62.65     4551.0    120.28      120.4       
1780    1.0     69.61     4551.0    121.22      109.2       
1780    1.1     76.57     4551.0    122.16      100.1       
1780    1.2     83.53     4551.0    123.09      92.4        
1780    1.3     90.49     4551.0    124.03      86.0        
1780    1.4     97.45     4551.0    124.97      80.4        
1780    1.5     104.41    4551.0    125.9       75.6        
1780    1.6     111.37    4551.0    126.84      71.4        
1780    1.7     118.33    4551.0    127.78      67.7        
1780    1.8     125.29    4551.0    128.71      64.4        
1780    1.9     132.25    4551.0    129.65      61.5        
1780    2.0     139.21    4551.0    130.59      58.8        
1780    2.1     146.17    4551.0    131.52      56.4        
1780    2.2     153.13    4551.0    132.46      54.2        
1780    2.3     160.09    4551.0    133.4       52.3        
1780    2.4     167.05    4551.0    134.34      50.4        
1780    2.5     174.01    4551.0    135.27      48.7        
1780    2.6     180.98    4551.0    136.21      47.2        
1780    2.7     187.94    4551.0    137.15      45.8        
1780    2.8     194.9     4551.0    138.08      44.4        
1780    2.9     201.86    4551.0    139.02      43.2        
1790    0.5     34.9      4564.0    116.52      209.4       
1790    0.6     41.88     4564.0    117.47      175.9       
1790    0.7     48.86     4564.0    118.41      152.0       
1790    0.8     55.84     4564.0    119.35      134.1       
1790    0.9     62.82     4564.0    120.29      120.1       
1790    1.0     69.8      4564.0    121.23      108.9       
1790    1.1     76.78     4564.0    122.17      99.8        
1790    1.2     83.76     4564.0    123.12      92.2        
1790    1.3     90.74     4564.0    124.06      85.8        
1790    1.4     97.72     4564.0    125.0       80.2        
1790    1.5     104.7     4564.0    125.94      75.4        
1790    1.6     111.68    4564.0    126.88      71.3        
1790    1.7     118.66    4564.0    127.83      67.6        
1790    1.8     125.64    4564.0    128.77      64.3        
1790    1.9     132.62    4564.0    129.71      61.3        
1790    2.0     139.6     4564.0    130.65      58.7        
1790    2.1     146.58    4564.0    131.59      56.3        
1790    2.2     153.56    4564.0    132.54      54.1        
1790    2.3     160.54    4564.0    133.48      52.1        
1790    2.4     167.52    4564.0    134.42      50.3        
1790    2.5     174.5     4564.0    135.36      48.7        
1790    2.6     181.48    4564.0    136.3       47.1        
1790    2.7     188.46    4564.0    137.24      45.7        
1790    2.8     195.44    4564.0    138.19      44.3        
1790    2.9     202.42    4564.0    139.13      43.1        
1800    0.5     35.0      4577.0    116.51      208.8       
1800    0.6     42.0      4577.0    117.46      175.5       
1800    0.7     49.0      4577.0    118.41      151.6       
1800    0.8     56.0      4577.0    119.35      133.7       
1800    0.9     63.0      4577.0    120.3       119.8       
1800    1.0     70.0      4577.0    121.25      108.7       
1800    1.1     77.0      4577.0    122.19      99.6        
1800    1.2     83.99     4577.0    123.14      92.0        
1800    1.3     90.99     4577.0    124.09      85.5        
1800    1.4     97.99     4577.0    125.04      80.0        
1800    1.5     104.99    4577.0    125.98      75.3        
1800    1.6     111.99    4577.0    126.93      71.1        
1800    1.7     118.99    4577.0    127.88      67.4        
1800    1.8     125.99    4577.0    128.82      64.1        
1800    1.9     132.99    4577.0    129.77      61.2        
1800    2.0     139.99    4577.0    130.72      58.6        
1800    2.1     146.99    4577.0    131.66      56.2        
1800    2.2     153.99    4577.0    132.61      54.0        
1800    2.3     160.99    4577.0    133.56      52.0        
1800    2.4     167.99    4577.0    134.5       50.2        
1800    2.5     174.99    4577.0    135.45      48.6        
1800    2.6     181.99    4577.0    136.4       47.0        
1800    2.7     188.99    4577.0    137.34      45.6        
1800    2.8     195.99    4577.0    138.29      44.3        
1800    2.9     202.99    4577.0    139.24      43.0        
1810    0.5     35.09     4590.0    116.5       208.3       
1810    0.6     42.11     4590.0    117.46      175.0       
1810    0.7     49.13     4590.0    118.41      151.2       
1810    0.8     56.15     4590.0    119.36      133.4       
1810    0.9     63.17     4590.0    120.31      119.5       
1810    1.0     70.19     4590.0    121.26      108.4       
1810    1.1     77.21     4590.0    122.22      99.3        
1810    1.2     84.23     4590.0    123.17      91.7        
1810    1.3     91.25     4590.0    124.12      85.3        
1810    1.4     98.27     4590.0    125.07      79.9        
1810    1.5     105.28    4590.0    126.02      75.1        
1810    1.6     112.3     4590.0    126.97      70.9        
1810    1.7     119.32    4590.0    127.93      67.3        
1810    1.8     126.34    4590.0    128.88      64.0        
1810    1.9     133.36    4590.0    129.83      61.1        
1810    2.0     140.38    4590.0    130.78      58.5        
1810    2.1     147.4     4590.0    131.73      56.1        
1810    2.2     154.42    4590.0    132.68      53.9        
1810    2.3     161.44    4590.0    133.64      51.9        
1810    2.4     168.46    4590.0    134.59      50.1        
1810    2.5     175.47    4590.0    135.54      48.5        
1810    2.6     182.49    4590.0    136.49      46.9        
1810    2.7     189.51    4590.0    137.44      45.5        
1810    2.8     196.53    4590.0    138.4       44.2        
1810    2.9     203.55    4590.0    139.35      43.0        
1820    0.5     35.19     4602.0    116.49      207.7       
1820    0.6     42.23     4602.0    117.45      174.5       
1820    0.7     49.27     4602.0    118.41      150.8       
1820    0.8     56.31     4602.0    119.37      133.0       
1820    0.9     63.35     4602.0    120.32      119.2       
1820    1.0     70.38     4602.0    121.28      108.1       
1820    1.1     77.42     4602.0    122.24      99.1        
1820    1.2     84.46     4602.0    123.19      91.5        
1820    1.3     91.5      4602.0    124.15      85.1        
1820    1.4     98.54     4602.0    125.11      79.7        
1820    1.5     105.58    4602.0    126.06      74.9        
1820    1.6     112.61    4602.0    127.02      70.8        
1820    1.7     119.65    4602.0    127.98      67.1        
1820    1.8     126.69    4602.0    128.93      63.9        
1820    1.9     133.73    4602.0    129.89      60.9        
1820    2.0     140.77    4602.0    130.85      58.3        
1820    2.1     147.81    4602.0    131.8       56.0        
1820    2.2     154.84    4602.0    132.76      53.8        
1820    2.3     161.88    4602.0    133.72      51.8        
1820    2.4     168.92    4602.0    134.67      50.0        
1820    2.5     175.96    4602.0    135.63      48.4        
1820    2.6     183.0     4602.0    136.59      46.8        
1820    2.7     190.04    4602.0    137.54      45.4        
1820    2.8     197.07    4602.0    138.5       44.1        
1820    2.9     204.11    4602.0    139.46      42.9        
1830    0.5     35.29     4615.0    116.49      207.2       
1830    0.6     42.35     4615.0    117.45      174.1       
1830    0.7     49.4      4615.0    118.41      150.4       
1830    0.8     56.46     4615.0    119.37      132.7       
1830    0.9     63.52     4615.0    120.33      118.9       
1830    1.0     70.58     4615.0    121.29      107.9       
1830    1.1     77.63     4615.0    122.26      98.8        
1830    1.2     84.69     4615.0    123.22      91.3        
1830    1.3     91.75     4615.0    124.18      84.9        
1830    1.4     98.81     4615.0    125.14      79.5        
1830    1.5     105.86    4615.0    126.1       74.8        
1830    1.6     112.92    4615.0    127.07      70.6        
1830    1.7     119.98    4615.0    128.03      67.0        
1830    1.8     127.04    4615.0    128.99      63.7        
1830    1.9     134.1     4615.0    129.95      60.8        
1830    2.0     141.15    4615.0    130.91      58.2        
1830    2.1     148.21    4615.0    131.87      55.8        
1830    2.2     155.27    4615.0    132.84      53.7        
1830    2.3     162.33    4615.0    133.8       51.7        
1830    2.4     169.38    4615.0    134.76      49.9        
1830    2.5     176.44    4615.0    135.72      48.3        
1830    2.6     183.5     4615.0    136.68      46.7        
1830    2.7     190.56    4615.0    137.64      45.3        
1830    2.8     197.61    4615.0    138.61      44.0        
1830    2.9     204.67    4615.0    139.57      42.8        
1840    0.5     35.38     4628.0    116.48      206.6       
1840    0.6     42.46     4628.0    117.44      173.6       
1840    0.7     49.54     4628.0    118.41      150.0       
1840    0.8     56.62     4628.0    119.38      132.4       
1840    0.9     63.69     4628.0    120.34      118.6       
1840    1.0     70.77     4628.0    121.31      107.6       
1840    1.1     77.85     4628.0    122.28      98.6        
1840    1.2     84.92     4628.0    123.24      91.1        
1840    1.3     92.0      4628.0    124.21      84.7        
1840    1.4     99.08     4628.0    125.18      79.3        
1840    1.5     106.15    4628.0    126.14      74.6        
1840    1.6     113.23    4628.0    127.11      70.5        
1840    1.7     120.31    4628.0    128.08      66.8        
1840    1.8     127.38    4628.0    129.04      63.6        
1840    1.9     134.46    4628.0    130.01      60.7        
1840    2.0     141.54    4628.0    130.98      58.1        
1840    2.1     148.62    4628.0    131.94      55.7        
1840    2.2     155.69    4628.0    132.91      53.6        
1840    2.3     162.77    4628.0    133.88      51.6        
1840    2.4     169.85    4628.0    134.84      49.8        
1840    2.5     176.92    4628.0    135.81      48.2        
1840    2.6     184.0     4628.0    136.78      46.7        
1840    2.7     191.08    4628.0    137.74      45.2        
1840    2.8     198.15    4628.0    138.71      43.9        
1840    2.9     205.23    4628.0    139.68      42.7        
1850    0.5     35.48     4640.0    116.47      206.1       
1850    0.6     42.58     4640.0    117.44      173.2       
1850    0.7     49.67     4640.0    118.41      149.7       
1850    0.8     56.77     4640.0    119.38      132.0       
1850    0.9     63.87     4640.0    120.36      118.3       
1850    1.0     70.96     4640.0    121.33      107.3       
1850    1.1     78.06     4640.0    122.3       98.4        
1850    1.2     85.15     4640.0    123.27      90.9        
1850    1.3     92.25     4640.0    124.24      84.5        
1850    1.4     99.35     4640.0    125.21      79.1        
1850    1.5     106.44    4640.0    126.19      74.4        
1850    1.6     113.54    4640.0    127.16      70.3        
1850    1.7     120.63    4640.0    128.13      66.7        
1850    1.8     127.73    4640.0    129.1       63.5        
1850    1.9     134.83    4640.0    130.07      60.6        
1850    2.0     141.92    4640.0    131.04      58.0        
1850    2.1     149.02    4640.0    132.02      55.6        
1850    2.2     156.11    4640.0    132.99      53.5        
1850    2.3     163.21    4640.0    133.96      51.5        
1850    2.4     170.31    4640.0    134.93      49.7        
1850    2.5     177.4     4640.0    135.9       48.1        
1850    2.6     184.5     4640.0    136.87      46.6        
1850    2.7     191.6     4640.0    137.85      45.2        
1850    2.8     198.69    4640.0    138.82      43.9        
1850    2.9     205.79    4640.0    139.79      42.6        
1860    0.5     35.58     4653.0    116.46      205.5       
1860    0.6     42.69     4653.0    117.44      172.7       
1860    0.7     49.81     4653.0    118.41      149.3       
1860    0.8     56.92     4653.0    119.39      131.7       
1860    0.9     64.04     4653.0    120.37      118.0       
1860    1.0     71.15     4653.0    121.34      107.1       
1860    1.1     78.27     4653.0    122.32      98.1        
1860    1.2     85.38     4653.0    123.3       90.7        
1860    1.3     92.5      4653.0    124.27      84.4        
1860    1.4     99.61     4653.0    125.25      78.9        
1860    1.5     106.73    4653.0    126.23      74.3        
1860    1.6     113.84    4653.0    127.2       70.2        
1860    1.7     120.96    4653.0    128.18      66.5        
1860    1.8     128.08    4653.0    129.16      63.3        
1860    1.9     135.19    4653.0    130.13      60.4        
1860    2.0     142.31    4653.0    131.11      57.8        
1860    2.1     149.42    4653.0    132.09      55.5        
1860    2.2     156.54    4653.0    133.06      53.4        
1860    2.3     163.65    4653.0    134.04      51.4        
1860    2.4     170.77    4653.0    135.02      49.6        
1860    2.5     177.88    4653.0    135.99      48.0        
1860    2.6     185.0     4653.0    136.97      46.5        
1860    2.7     192.11    4653.0    137.95      45.1        
1860    2.8     199.23    4653.0    138.92      43.8        
1860    2.9     206.34    4653.0    139.9       42.6        
1870    0.5     35.67     4665.0    116.45      205.0       
1870    0.6     42.81     4665.0    117.43      172.3       
1870    0.7     49.94     4665.0    118.42      148.9       
1870    0.8     57.08     4665.0    119.4       131.4       
1870    0.9     64.21     4665.0    120.38      117.7       
1870    1.0     71.34     4665.0    121.36      106.8       
1870    1.1     78.48     4665.0    122.34      97.9        
1870    1.2     85.61     4665.0    123.32      90.5        
1870    1.3     92.75     4665.0    124.31      84.2        
1870    1.4     99.88     4665.0    125.29      78.8        
1870    1.5     107.02    4665.0    126.27      74.1        
1870    1.6     114.15    4665.0    127.25      70.0        
1870    1.7     121.28    4665.0    128.23      66.4        
1870    1.8     128.42    4665.0    129.21      63.2        
1870    1.9     135.55    4665.0    130.19      60.3        
1870    2.0     142.69    4665.0    131.18      57.7        
1870    2.1     149.82    4665.0    132.16      55.4        
1870    2.2     156.96    4665.0    133.14      53.3        
1870    2.3     164.09    4665.0    134.12      51.3        
1870    2.4     171.23    4665.0    135.1       49.5        
1870    2.5     178.36    4665.0    136.08      47.9        
1870    2.6     185.49    4665.0    137.07      46.4        
1870    2.7     192.63    4665.0    138.05      45.0        
1870    2.8     199.76    4665.0    139.03      43.7        
1870    2.9     206.9     4665.0    140.01      42.5        
1880    0.5     35.77     4678.0    116.44      204.5       
1880    0.6     42.92     4678.0    117.43      171.8       
1880    0.7     50.07     4678.0    118.42      148.5       
1880    0.8     57.23     4678.0    119.4       131.0       
1880    0.9     64.38     4678.0    120.39      117.4       
1880    1.0     71.53     4678.0    121.38      106.6       
1880    1.1     78.69     4678.0    122.36      97.7        
1880    1.2     85.84     4678.0    123.35      90.2        
1880    1.3     92.99     4678.0    124.34      84.0        
1880    1.4     100.15    4678.0    125.32      78.6        
1880    1.5     107.3     4678.0    126.31      73.9        
1880    1.6     114.45    4678.0    127.3       69.9        
1880    1.7     121.61    4678.0    128.28      66.3        
1880    1.8     128.76    4678.0    129.27      63.1        
1880    1.9     135.92    4678.0    130.26      60.2        
1880    2.0     143.07    4678.0    131.24      57.6        
1880    2.1     150.22    4678.0    132.23      55.3        
1880    2.2     157.38    4678.0    133.22      53.2        
1880    2.3     164.53    4678.0    134.2       51.2        
1880    2.4     171.68    4678.0    135.19      49.5        
1880    2.5     178.84    4678.0    136.18      47.8        
1880    2.6     185.99    4678.0    137.16      46.3        
1880    2.7     193.14    4678.0    138.15      44.9        
1880    2.8     200.3     4678.0    139.14      43.6        
1880    2.9     207.45    4678.0    140.12      42.4        
1890    0.5     35.86     4690.0    116.44      203.9       
1890    0.6     43.03     4690.0    117.43      171.4       
1890    0.7     50.21     4690.0    118.42      148.2       
1890    0.8     57.38     4690.0    119.41      130.7       
1890    0.9     64.55     4690.0    120.4       117.2       
1890    1.0     71.72     4690.0    121.4       106.3       
1890    1.1     78.9      4690.0    122.39      97.4        
1890    1.2     86.07     4690.0    123.38      90.0        
1890    1.3     93.24     4690.0    124.37      83.8        
1890    1.4     100.41    4690.0    125.36      78.4        
1890    1.5     107.59    4690.0    126.35      73.8        
1890    1.6     114.76    4690.0    127.34      69.7        
1890    1.7     121.93    4690.0    128.34      66.1        
1890    1.8     129.1     4690.0    129.33      62.9        
1890    1.9     136.28    4690.0    130.32      60.1        
1890    2.0     143.45    4690.0    131.31      57.5        
1890    2.1     150.62    4690.0    132.3       55.2        
1890    2.2     157.79    4690.0    133.29      53.1        
1890    2.3     164.97    4690.0    134.28      51.1        
1890    2.4     172.14    4690.0    135.28      49.4        
1890    2.5     179.31    4690.0    136.27      47.7        
1890    2.6     186.48    4690.0    137.26      46.2        
1890    2.7     193.66    4690.0    138.25      44.8        
1890    2.8     200.83    4690.0    139.24      43.6        
1890    2.9     208.0     4690.0    140.23      42.3        
1900    0.5     35.96     4702.0    116.43      203.4       
1900    0.6     43.15     4702.0    117.43      171.0       
1900    0.7     50.34     4702.0    118.42      147.8       
1900    0.8     57.53     4702.0    119.42      130.4       
1900    0.9     64.72     4702.0    120.42      116.9       
1900    1.0     71.91     4702.0    121.41      106.1       
1900    1.1     79.11     4702.0    122.41      97.2        
1900    1.2     86.3      4702.0    123.41      89.8        
1900    1.3     93.49     4702.0    124.4       83.6        
1900    1.4     100.68    4702.0    125.4       78.2        
1900    1.5     107.87    4702.0    126.4       73.6        
1900    1.6     115.06    4702.0    127.39      69.6        
1900    1.7     122.25    4702.0    128.39      66.0        
1900    1.8     129.44    4702.0    129.38      62.8        
1900    1.9     136.64    4702.0    130.38      59.9        
1900    2.0     143.83    4702.0    131.38      57.4        
1900    2.1     151.02    4702.0    132.37      55.1        
1900    2.2     158.21    4702.0    133.37      53.0        
1900    2.3     165.4     4702.0    134.37      51.0        
1900    2.4     172.59    4702.0    135.36      49.3        
1900    2.5     179.78    4702.0    136.36      47.6        
1900    2.6     186.98    4702.0    137.36      46.2        
1900    2.7     194.17    4702.0    138.35      44.8        
1900    2.8     201.36    4702.0    139.35      43.5        
1900    2.9     208.55    4702.0    140.35      42.3        
1910    0.5     36.05     4715.0    116.42      202.9       
1910    0.6     43.26     4715.0    117.43      170.5       
1910    0.7     50.47     4715.0    118.43      147.4       
1910    0.8     57.68     4715.0    119.43      130.1       
1910    0.9     64.89     4715.0    120.43      116.6       
1910    1.0     72.1      4715.0    121.43      105.8       
1910    1.1     79.31     4715.0    122.43      97.0        
1910    1.2     86.52     4715.0    123.43      89.6        
1910    1.3     93.73     4715.0    124.44      83.4        
1910    1.4     100.94    4715.0    125.44      78.1        
1910    1.5     108.15    4715.0    126.44      73.5        
1910    1.6     115.36    4715.0    127.44      69.4        
1910    1.7     122.57    4715.0    128.44      65.8        
1910    1.8     129.79    4715.0    129.44      62.7        
1910    1.9     137.0     4715.0    130.44      59.8        
1910    2.0     144.21    4715.0    131.45      57.3        
1910    2.1     151.42    4715.0    132.45      55.0        
1910    2.2     158.63    4715.0    133.45      52.9        
1910    2.3     165.84    4715.0    134.45      50.9        
1910    2.4     173.05    4715.0    135.45      49.2        
1910    2.5     180.26    4715.0    136.45      47.6        
1910    2.6     187.47    4715.0    137.45      46.1        
1910    2.7     194.68    4715.0    138.46      44.7        
1910    2.8     201.89    4715.0    139.46      43.4        
1910    2.9     209.1     4715.0    140.46      42.2        
1920    0.5     36.15     4727.0    116.42      202.4       
1920    0.6     43.37     4727.0    117.42      170.1       
1920    0.7     50.6      4727.0    118.43      147.1       
1920    0.8     57.83     4727.0    119.44      129.8       
1920    0.9     65.06     4727.0    120.44      116.3       
1920    1.0     72.29     4727.0    121.45      105.6       
1920    1.1     79.52     4727.0    122.46      96.8        
1920    1.2     86.75     4727.0    123.46      89.4        
1920    1.3     93.98     4727.0    124.47      83.2        
1920    1.4     101.21    4727.0    125.47      77.9        
1920    1.5     108.44    4727.0    126.48      73.3        
1920    1.6     115.67    4727.0    127.49      69.3        
1920    1.7     122.9     4727.0    128.49      65.7        
1920    1.8     130.12    4727.0    129.5       62.5        
1920    1.9     137.35    4727.0    130.51      59.7        
1920    2.0     144.58    4727.0    131.51      57.2        
1920    2.1     151.81    4727.0    132.52      54.9        
1920    2.2     159.04    4727.0    133.53      52.8        
1920    2.3     166.27    4727.0    134.53      50.8        
1920    2.4     173.5     4727.0    135.54      49.1        
1920    2.5     180.73    4727.0    136.54      47.5        
1920    2.6     187.96    4727.0    137.55      46.0        
1920    2.7     195.19    4727.0    138.56      44.6        
1920    2.8     202.42    4727.0    139.56      43.3        
1920    2.9     209.64    4727.0    140.57      42.1        
1930    0.5     36.24     4739.0    116.41      201.9       
1930    0.6     43.49     4739.0    117.42      169.7       
1930    0.7     50.74     4739.0    118.43      146.7       
1930    0.8     57.98     4739.0    119.44      129.5       
1930    0.9     65.23     4739.0    120.46      116.1       
1930    1.0     72.48     4739.0    121.47      105.3       
1930    1.1     79.73     4739.0    122.48      96.6        
1930    1.2     86.98     4739.0    123.49      89.2        
1930    1.3     94.22     4739.0    124.5       83.0        
1930    1.4     101.47    4739.0    125.51      77.7        
1930    1.5     108.72    4739.0    126.52      73.1        
1930    1.6     115.97    4739.0    127.54      69.1        
1930    1.7     123.21    4739.0    128.55      65.6        
1930    1.8     130.46    4739.0    129.56      62.4        
1930    1.9     137.71    4739.0    130.57      59.6        
1930    2.0     144.96    4739.0    131.58      57.0        
1930    2.1     152.21    4739.0    132.59      54.7        
1930    2.2     159.45    4739.0    133.6       52.7        
1930    2.3     166.7     4739.0    134.62      50.8        
1930    2.4     173.95    4739.0    135.63      49.0        
1930    2.5     181.2     4739.0    136.64      47.4        
1930    2.6     188.45    4739.0    137.65      45.9        
1930    2.7     195.69    4739.0    138.66      44.5        
1930    2.8     202.94    4739.0    139.67      43.3        
1930    2.9     210.19    4739.0    140.68      42.1        
1940    0.5     36.33     4752.0    116.4       201.4       
1940    0.6     43.6      4752.0    117.42      169.3       
1940    0.7     50.87     4752.0    118.44      146.4       
1940    0.8     58.13     4752.0    119.45      129.2       
1940    0.9     65.4      4752.0    120.47      115.8       
1940    1.0     72.67     4752.0    121.49      105.1       
1940    1.1     79.93     4752.0    122.5       96.3        
1940    1.2     87.2      4752.0    123.52      89.0        
1940    1.3     94.47     4752.0    124.54      82.9        
1940    1.4     101.73    4752.0    125.55      77.6        
1940    1.5     109.0     4752.0    126.57      73.0        
1940    1.6     116.27    4752.0    127.58      69.0        
1940    1.7     123.53    4752.0    128.6       65.4        
1940    1.8     130.8     4752.0    129.62      62.3        
1940    1.9     138.07    4752.0    130.63      59.5        
1940    2.0     145.33    4752.0    131.65      56.9        
1940    2.1     152.6     4752.0    132.67      54.6        
1940    2.2     159.87    4752.0    133.68      52.6        
1940    2.3     167.13    4752.0    134.7       50.7        
1940    2.4     174.4     4752.0    135.71      48.9        
1940    2.5     181.67    4752.0    136.73      47.3        
1940    2.6     188.93    4752.0    137.75      45.8        
1940    2.7     196.2     4752.0    138.76      44.5        
1940    2.8     203.47    4752.0    139.78      43.2        
1940    2.9     210.73    4752.0    140.8       42.0        
1950    0.5     36.43     4764.0    116.4       200.9       
1950    0.6     43.71     4764.0    117.42      168.9       
1950    0.7     51.0      4764.0    118.44      146.0       
1950    0.8     58.28     4764.0    119.46      128.9       
1950    0.9     65.57     4764.0    120.48      115.5       
1950    1.0     72.85     4764.0    121.51      104.8       
1950    1.1     80.14     4764.0    122.53      96.1        
1950    1.2     87.42     4764.0    123.55      88.8        
1950    1.3     94.71     4764.0    124.57      82.7        
1950    1.4     102.0     4764.0    125.59      77.4        
1950    1.5     109.28    4764.0    126.61      72.8        
1950    1.6     116.57    4764.0    127.63      68.8        
1950    1.7     123.85    4764.0    128.65      65.3        
1950    1.8     131.14    4764.0    129.68      62.2        
1950    1.9     138.42    4764.0    130.7       59.4        
1950    2.0     145.71    4764.0    131.72      56.8        
1950    2.1     152.99    4764.0    132.74      54.5        
1950    2.2     160.28    4764.0    133.76      52.5        
1950    2.3     167.56    4764.0    134.78      50.6        
1950    2.4     174.85    4764.0    135.8       48.8        
1950    2.5     182.13    4764.0    136.82      47.2        
1950    2.6     189.42    4764.0    137.85      45.7        
1950    2.7     196.71    4764.0    138.87      44.4        
1950    2.8     203.99    4764.0    139.89      43.1        
1950    2.9     211.28    4764.0    140.91      41.9        
1960    0.5     36.52     4776.0    116.39      200.4       
1960    0.6     43.82     4776.0    117.42      168.5       
1960    0.7     51.13     4776.0    118.45      145.7       
1960    0.8     58.43     4776.0    119.47      128.6       
1960    0.9     65.74     4776.0    120.5       115.3       
1960    1.0     73.04     4776.0    121.52      104.6       
1960    1.1     80.34     4776.0    122.55      95.9        
1960    1.2     87.65     4776.0    123.58      88.6        
1960    1.3     94.95     4776.0    124.6       82.5        
1960    1.4     102.26    4776.0    125.63      77.2        
1960    1.5     109.56    4776.0    126.66      72.7        
1960    1.6     116.86    4776.0    127.68      68.7        
1960    1.7     124.17    4776.0    128.71      65.2        
1960    1.8     131.47    4776.0    129.73      62.0        
1960    1.9     138.78    4776.0    130.76      59.2        
1960    2.0     146.08    4776.0    131.79      56.7        
1960    2.1     153.38    4776.0    132.81      54.4        
1960    2.2     160.69    4776.0    133.84      52.4        
1960    2.3     167.99    4776.0    134.87      50.5        
1960    2.4     175.3     4776.0    135.89      48.7        
1960    2.5     182.6     4776.0    136.92      47.1        
1960    2.6     189.91    4776.0    137.94      45.7        
1960    2.7     197.21    4776.0    138.97      44.3        
1960    2.8     204.51    4776.0    140.0       43.0        
1960    2.9     211.82    4776.0    141.02      41.9        
1970    0.5     36.61     4788.0    116.39      199.9       
1970    0.6     43.94     4788.0    117.42      168.1       
1970    0.7     51.26     4788.0    118.45      145.3       
1970    0.8     58.58     4788.0    119.48      128.3       
1970    0.9     65.9      4788.0    120.51      115.0       
1970    1.0     73.23     4788.0    121.54      104.4       
1970    1.1     80.55     4788.0    122.57      95.7        
1970    1.2     87.87     4788.0    123.61      88.5        
1970    1.3     95.19     4788.0    124.64      82.3        
1970    1.4     102.52    4788.0    125.67      77.1        
1970    1.5     109.84    4788.0    126.7       72.5        
1970    1.6     117.16    4788.0    127.73      68.6        
1970    1.7     124.49    4788.0    128.76      65.0        
1970    1.8     131.81    4788.0    129.79      61.9        
1970    1.9     139.13    4788.0    130.82      59.1        
1970    2.0     146.45    4788.0    131.86      56.6        
1970    2.1     153.78    4788.0    132.89      54.3        
1970    2.2     161.1     4788.0    133.92      52.3        
1970    2.3     168.42    4788.0    134.95      50.4        
1970    2.4     175.74    4788.0    135.98      48.7        
1970    2.5     183.07    4788.0    137.01      47.1        
1970    2.6     190.39    4788.0    138.04      45.6        
1970    2.7     197.71    4788.0    139.07      44.2        
1970    2.8     205.03    4788.0    140.1       43.0        
1970    2.9     212.36    4788.0    141.14      41.8        
1980    0.5     36.71     4800.0    116.38      199.4       
1980    0.6     44.05     4800.0    117.42      167.7       
1980    0.7     51.39     4800.0    118.45      145.0       
1980    0.8     58.73     4800.0    119.49      128.0       
1980    0.9     66.07     4800.0    120.53      114.7       
1980    1.0     73.41     4800.0    121.56      104.1       
1980    1.1     80.75     4800.0    122.6       95.5        
1980    1.2     88.09     4800.0    123.64      88.3        
1980    1.3     95.44     4800.0    124.67      82.2        
1980    1.4     102.78    4800.0    125.71      76.9        
1980    1.5     110.12    4800.0    126.74      72.4        
1980    1.6     117.46    4800.0    127.78      68.4        
1980    1.7     124.8     4800.0    128.82      64.9        
1980    1.8     132.14    4800.0    129.85      61.8        
1980    1.9     139.48    4800.0    130.89      59.0        
1980    2.0     146.82    4800.0    131.92      56.5        
1980    2.1     154.17    4800.0    132.96      54.2        
1980    2.2     161.51    4800.0    134.0       52.2        
1980    2.3     168.85    4800.0    135.03      50.3        
1980    2.4     176.19    4800.0    136.07      48.6        
1980    2.5     183.53    4800.0    137.11      47.0        
1980    2.6     190.87    4800.0    138.14      45.5        
1980    2.7     198.21    4800.0    139.18      44.2        
1980    2.8     205.55    4800.0    140.21      42.9        
1980    2.9     212.9     4800.0    141.25      41.7        
1990    0.5     36.8      4812.0    116.38      198.9       
1990    0.6     44.16     4812.0    117.42      167.3       
1990    0.7     51.52     4812.0    118.46      144.6       
1990    0.8     58.88     4812.0    119.5       127.7       
1990    0.9     66.24     4812.0    120.54      114.5       
1990    1.0     73.6      4812.0    121.58      103.9       
1990    1.1     80.96     4812.0    122.62      95.3        
1990    1.2     88.32     4812.0    123.67      88.1        
1990    1.3     95.68     4812.0    124.71      82.0        
1990    1.4     103.04    4812.0    125.75      76.8        
1990    1.5     110.4     4812.0    126.79      72.2        
1990    1.6     117.76    4812.0    127.83      68.3        
1990    1.7     125.12    4812.0    128.87      64.8        
1990    1.8     132.48    4812.0    129.91      61.7        
1990    1.9     139.83    4812.0    130.95      58.9        
1990    2.0     147.19    4812.0    131.99      56.4        
1990    2.1     154.55    4812.0    133.04      54.1        
1990    2.2     161.91    4812.0    134.08      52.1        
1990    2.3     169.27    4812.0    135.12      50.2        
1990    2.4     176.63    4812.0    136.16      48.5        
1990    2.5     183.99    4812.0    137.2       46.9        
1990    2.6     191.35    4812.0    138.24      45.4        
1990    2.7     198.71    4812.0    139.28      44.1        
1990    2.8     206.07    4812.0    140.32      42.8        
1990    2.9     213.43    4812.0    141.36      41.7        
2000    0.5     36.89     4825.0    116.37      198.4       
2000    0.6     44.27     4825.0    117.42      166.9       
2000    0.7     51.65     4825.0    118.46      144.3       
2000    0.8     59.03     4825.0    119.51      127.4       
2000    0.9     66.4      4825.0    120.56      114.2       
2000    1.0     73.78     4825.0    121.6       103.7       
2000    1.1     81.16     4825.0    122.65      95.1        
2000    1.2     88.54     4825.0    123.7       87.9        
2000    1.3     95.92     4825.0    124.74      81.8        
2000    1.4     103.29    4825.0    125.79      76.6        
2000    1.5     110.67    4825.0    126.83      72.1        
2000    1.6     118.05    4825.0    127.88      68.1        
2000    1.7     125.43    4825.0    128.93      64.7        
2000    1.8     132.81    4825.0    129.97      61.6        
2000    1.9     140.19    4825.0    131.02      58.8        
2000    2.0     147.56    4825.0    132.06      56.3        
2000    2.1     154.94    4825.0    133.11      54.0        
2000    2.2     162.32    4825.0    134.16      52.0        
2000    2.3     169.7     4825.0    135.2       50.1        
2000    2.4     177.08    4825.0    136.25      48.4        
2000    2.5     184.46    4825.0    137.29      46.8        
2000    2.6     191.83    4825.0    138.34      45.4        
2000    2.7     199.21    4825.0    139.39      44.0        
2000    2.8     206.59    4825.0    140.43      42.8        
2000    2.9     213.97    4825.0    141.48      41.6        
